slug,title,age,stars,summary,author,year,image,url,list
the-snowy-day,The Snowy Day,2+,5,Classic captures a kid's delight in freshly fallen snow.,Ezra Jack Keats,1962,https://www.commonsensemedia.org/sites/default/files/styles/ratio_x_y_medium/public/product-images/csm-book/1341-orig.jpg,https://www.commonsensemedia.org/book-reviews/the-snowy-day,books-that-promote-diversity-and-inclusion
last-stop-on-market-street,Last Stop on Market Street,3+,5,Tender story of Nana showing grandson city beauty via bus.,Matt de la Peña,2015,https://www.commonsensemedia.org/sites/default/files/styles/ratio_x_y_medium/public/product-images/csm-book/last-stop.jpeg,https://www.commonsensemedia.org/book-reviews/last-stop-on-market-street,books-that-promote-diversity-and-inclusion
like,Like,3+,4,Sweet story of our common humanity has lively illustrations.,Annie Barrows,2022,https://www.commonsensemedia.org/sites/default/files/styles/ratio_x_y_medium/public/product-images/csm-book/like-book-image.jpg,https://www.commonsensemedia.org/book-reviews/like,books-that-promote-diversity-and-inclusion
the-world-needs-more-purple-schools,The World Needs More Purple Schools,3+,4,"Bright, upbeat celebration of individuality and curiosity.",Kristen Bell,2022,https://www.commonsensemedia.org/sites/default/files/styles/ratio_x_y_medium/public/product-images/csm-book/theworldneedsmorepurpleschools-book-image.jpg,https://www.commonsensemedia.org/book-reviews/the-world-needs-more-purple-schools,books-that-promote-diversity-and-inclusion
all-are-neighbors,All Are Neighbors,4+,5,"Colorful images celebrate diverse, inclusive neighbors.",Alexandra Penfold,2022,https://www.commonsensemedia.org/sites/default/files/styles/ratio_x_y_medium/public/product-images/csm-book/allareneighbors-book-image.jpg,https://www.commonsensemedia.org/book-reviews/all-are-neighbors,books-that-promote-diversity-and-inclusion
all-are-welcome,All Are Welcome,4+,5,"Kind, uplifting story of inclusion and diversity at school.",Alexandra Penfold,2018,https://www.commonsensemedia.org/sites/default/files/styles/ratio_x_y_medium/public/product-images/csm-book/allarewelcome-book-image.jpg,https://www.commonsensemedia.org/book-reviews/all-are-welcome,books-that-promote-diversity-and-inclusion
american-desi,American Desi,4+,4,Lovely celebration of Indian and American cultures blending.,Jyoti Rajan Gopal,2022,https://www.commonsensemedia.org/sites/default/files/styles/ratio_x_y_medium/public/product-images/csm-book/americandesi-book-image.jpg,https://www.commonsensemedia.org/book-reviews/american-desi,books-that-promote-diversity-and-inclusion
everybody-has-a-body,Everybody Has a Body,4+,4,"Powerful, body-neutral look at all kinds of bodies.",Molli Jackson Ehlert,2023,https://www.commonsensemedia.org/sites/default/files/styles/ratio_x_y_medium/public/product-images/csm-book/everybody-has-a-body-book-cover.jpeg,https://www.commonsensemedia.org/book-reviews/everybody-has-a-body,books-that-promote-diversity-and-inclusion
happy-mothers-day-from-the-crayons,Happy Mother's Day from the Crayons,4+,4,Crayons thank their caregivers in inclusive holiday tale.,Drew Daywalt,2025,https://www.commonsensemedia.org/sites/default/files/styles/ratio_2_3_medium/public/product-images/csm-book/happy-mother-s-day-from-the-crayons-book-cover.jpg,https://www.commonsensemedia.org/book-reviews/happy-mothers-day-from-the-crayons,books-that-promote-diversity-and-inclusion
i-want-to-be-spaghetti,I Want to Be Spaghetti!,4+,4,"Lively illustrations share message of self-love, diversity.",Keira Wright-Ruiz,2023,https://www.commonsensemedia.org/sites/default/files/styles/ratio_2_3_medium/public/product-images/csm-book/i-want-to-be-spaghetti-book-cover-image-1.jpg,https://www.commonsensemedia.org/book-reviews/i-want-to-be-spaghetti,books-that-promote-diversity-and-inclusion
marisol-mcdonald-doesnt-match-marisol-mcdonald-no-combina,Marisol McDonald Doesn't Match / Marisol McDonald no combina,4+,5,Biracial girl embraces her uniqueness in charming story.,Monica Brown,2011,https://www.commonsensemedia.org/sites/default/files/styles/ratio_x_y_medium/public/product-images/csm-book/marisol-mcdonald-doesnt-match-marisol-mcdonald-no-combina-book-image.jpg,https://www.commonsensemedia.org/book-reviews/marisol-mcdonald-doesnt-match-marisol-mcdonald-no-combina,books-that-promote-diversity-and-inclusion
mixed-me,Mixed Me!,4+,4,Boy embraces his uniqueness in exuberant identity tale.,Taye Diggs,2015,https://www.commonsensemedia.org/sites/default/files/styles/ratio_2_3_medium/public/product-images/csm-book/mixedme-opt.jpg,https://www.commonsensemedia.org/book-reviews/mixed-me,books-that-promote-diversity-and-inclusion
parker-looks-up-an-extraordinary-moment,Parker Looks Up: An Extraordinary Moment,4+,4,Girl finds role model who looks like her in inspiring tale.,Parker Curry,2019,https://www.commonsensemedia.org/sites/default/files/styles/ratio_2_3_medium/public/product-images/csm-book/parker-looks-up-min.jpg,https://www.commonsensemedia.org/book-reviews/parker-looks-up-an-extraordinary-moment,books-that-promote-diversity-and-inclusion
the-day-you-begin,The Day You Begin,4+,5,Encouraging advice for kids who feel excluded or less than.,Jacqueline Woodson,2018,https://www.commonsensemedia.org/sites/default/files/styles/ratio_x_y_medium/public/product-images/csm-book/9780399246531-p0-v1-s600x595.jpg,https://www.commonsensemedia.org/book-reviews/the-day-you-begin,books-that-promote-diversity-and-inclusion
were-all-wonders,We're All Wonders,4+,5,Boy who's different promotes kindness in fresh empathy tale.,R.J. Palacio,2017,https://www.commonsensemedia.org/sites/default/files/styles/ratio_2_3_medium/public/product-images/csm-book/were-all-wonders.jpeg,https://www.commonsensemedia.org/book-reviews/were-all-wonders,books-that-promote-diversity-and-inclusion
princess-hair,Princess Hair,5+,5,"Jubilant celebration of girls' hairstyles, hair textures.",Sharee Miller,2017,https://www.commonsensemedia.org/sites/default/files/styles/ratio_2_3_medium/public/product-images/csm-book/princess-hair.jpg,https://www.commonsensemedia.org/book-reviews/princess-hair,books-that-promote-diversity-and-inclusion
your-name-is-a-song,Your Name Is a Song,5+,5,Melodic story celebrates the beauty of everyone's name.,Jamilah Thompkins-Bigelow,2020,https://www.commonsensemedia.org/sites/default/files/styles/ratio_x_y_medium/public/product-images/csm-book/you-name-is-a-song.jpg,https://www.commonsensemedia.org/book-reviews/your-name-is-a-song,books-that-promote-diversity-and-inclusion
not-so-different-what-you-really-want-to-ask-about-having-a-disability,Not So Different: What You Really Want to Ask About Having a Disability,6+,5,"Young man shares info about disability with honesty, humor.",Shane Burcaw,2017,https://www.commonsensemedia.org/sites/default/files/styles/ratio_x_y_medium/public/product-images/csm-book/51xiv8iqrl-sx258-bo1204203200.jpg,https://www.commonsensemedia.org/book-reviews/not-so-different-what-you-really-want-to-ask-about-having-a-disability,books-that-promote-diversity-and-inclusion
the-invisible-boy,The Invisible Boy,6+,5,Kind tale of empathy shows how to reach out to left-out kid.,Trudy Ludwig,2013,https://www.commonsensemedia.org/sites/default/files/styles/ratio_2_3_medium/public/product-images/csm-book/invisible-boy-book.jpg,https://www.commonsensemedia.org/book-reviews/the-invisible-boy,books-that-promote-diversity-and-inclusion
i-am-martin-luther-king-jr-ordinary-people-change-the-world,"I Am Martin Luther King, Jr.: Ordinary People Change the World",7+,4,"Kid-friendly bio a strong, accessible intro to King's life.",Brad Meltzer,2016,https://www.commonsensemedia.org/sites/default/files/styles/ratio_x_y_medium/public/product-images/csm-book/i-am-martin-luther-king-jr.jpg,https://www.commonsensemedia.org/book-reviews/i-am-martin-luther-king-jr-ordinary-people-change-the-world,books-that-promote-diversity-and-inclusion
between-us-and-abuela-a-family-story-from-the-border,Between Us and Abuela: A Family Story from the Border,3+,5,Heartwarming Christmas story set at the U.S.-Mexico border.,Mitali Perkins,2019,https://www.commonsensemedia.org/sites/default/files/styles/ratio_x_y_medium/public/product-images/csm-book/betweenusandabuela-book-image.jpg,https://www.commonsensemedia.org/book-reviews/between-us-and-abuela-a-family-story-from-the-border,multicultural-books
dona-flor-a-tall-tale-about-a-giant-woman-with-a-great-big-heart,Dona Flor: A Tall Tale About a Giant Woman with a Great Big Heart,3+,4,A giant saves the day in muy magical story.,Pat Mora,2006,https://www.commonsensemedia.org/sites/default/files/styles/ratio_2_3_medium/public/product-images/csm-book/donaflor-cover.jpg,https://www.commonsensemedia.org/book-reviews/dona-flor-a-tall-tale-about-a-giant-woman-with-a-great-big-heart,multicultural-books
twas-nochebuena,'Twas Nochebuena,4+,4,Sweet bilingual tale of Latino Christmas Eve traditions.,Roseanne Greenfield Thong,2014,https://www.commonsensemedia.org/sites/default/files/styles/ratio_x_y_medium/public/product-images/csm-book/20821234.jpg,https://www.commonsensemedia.org/book-reviews/twas-nochebuena,multicultural-books
a-pinata-in-a-pine-tree-a-latino-twelve-days-of-christmas,A Piñata in a Pine Tree: A Latino Twelve Days of Christmas,4+,5,"Classic carol brims with Spanish words, Mexican traditions.",Pat Mora,2009,https://www.commonsensemedia.org/sites/default/files/styles/ratio_x_y_medium/public/product-images/csm-book/a-pinata-in-a-pine-tree.jpg,https://www.commonsensemedia.org/book-reviews/a-pinata-in-a-pine-tree-a-latino-twelve-days-of-christmas,multicultural-books
all-the-way-to-havana,All the Way to Havana,4+,5,Celebration of Cuban family and ingenuity has gorgeous art.,Margarita Engle,2017,https://www.commonsensemedia.org/sites/default/files/styles/ratio_x_y_medium/public/product-images/csm-book/51yx04qv4el-sy387-bo1204203200.jpg,https://www.commonsensemedia.org/book-reviews/all-the-way-to-havana,multicultural-books
gai-see-what-you-can-see-in-chinatown,Gai See: What You Can See in Chinatown,4+,4,"Colorful, seasonal peek at Cantonese food and fun.",Roseanne Thong,2007,https://www.commonsensemedia.org/sites/default/files/styles/ratio_2_3_medium/public/product-images/csm-book/8097-orig.jpg,https://www.commonsensemedia.org/book-reviews/gai-see-what-you-can-see-in-chinatown,multicultural-books
little-skeletons-esqueletitos-countdown-to-midnight,Little Skeletons / Esqueletitos: Countdown to Midnight,4+,4,"Fun, rhythmic, bilingual Day of the Dead romp.",Susie Jaramillo,2018,https://www.commonsensemedia.org/sites/default/files/styles/ratio_x_y_medium/public/product-images/csm-book/little-skeletonesqueletitos-count-down-to-midnight-min.jpg,https://www.commonsensemedia.org/book-reviews/little-skeletons-esqueletitos-countdown-to-midnight,multicultural-books
my-abuelita,My Abuelita,4+,5,Robust artwork with a Latino touch celebrates storytelling.,Tony Johnston,2009,https://www.commonsensemedia.org/sites/default/files/styles/ratio_2_3_medium/public/product-images/csm-book/abuelita.jpg,https://www.commonsensemedia.org/book-reviews/my-abuelita,multicultural-books
nino-wrestles-the-world,Niño Wrestles the World,4+,5,Boy plays Mexican wrestler in exuberant bilingual tale.,Yuyi Morales,2014,https://www.commonsensemedia.org/sites/default/files/styles/ratio_x_y_medium/public/product-images/csm-book/61o11g36wal-sy498-bo1204203200.jpg,https://www.commonsensemedia.org/book-reviews/nino-wrestles-the-world,multicultural-books
octopus-stew,Octopus Stew,4+,4,"Octopus adventure celebrates imagination, Latino culture.",Eric Velásquez,2019,https://www.commonsensemedia.org/sites/default/files/styles/ratio_2_3_medium/public/product-images/csm-book/octopusstew-book-image.jpg,https://www.commonsensemedia.org/book-reviews/octopus-stew,multicultural-books
our-favorite-day-of-the-year,Our Favorite Day of the Year,4+,5,"Warm celebration of various cultures' holidays, traditions.",A.E. Ali,2020,https://www.commonsensemedia.org/sites/default/files/styles/ratio_2_3_medium/public/product-images/csm-book/cover-art.jpeg,https://www.commonsensemedia.org/book-reviews/our-favorite-day-of-the-year,multicultural-books
paletero-man,Paletero Man,4+,5,Refreshing tale celebrates Chicano culture and community.,Lucky Diaz,2021,https://www.commonsensemedia.org/sites/default/files/styles/ratio_x_y_medium/public/product-images/csm-book/paleteroman-book-image.jpg,https://www.commonsensemedia.org/book-reviews/paletero-man,multicultural-books
sulwe,Sulwe,4+,5,Girl learns to embrace her dark skin in magical tale.,Lupita Nyong'o,2019,https://www.commonsensemedia.org/sites/default/files/styles/ratio_2_3_medium/public/product-images/csm-book/sulwe-book-cover-image.jpg,https://www.commonsensemedia.org/book-reviews/sulwe,multicultural-books
the-proudest-blue-a-story-of-hijab-and-family,The Proudest Blue: A Story of Hijab and Family,4+,5,"Vivid art, powerful story about sisters overcoming bigotry.",Ibtihaj Muhammad,2019,https://www.commonsensemedia.org/sites/default/files/styles/ratio_x_y_medium/public/product-images/csm-book/the-proudest-blue-book-cover-image2.jpg,https://www.commonsensemedia.org/book-reviews/the-proudest-blue-a-story-of-hijab-and-family,multicultural-books
tiny-travelers-mexico-treasure-quest,Tiny Travelers Mexico Treasure Quest,4+,5,Colorful search-and-find journey through Mexico.,Steven Wolfe Pereira,2019,https://www.commonsensemedia.org/sites/default/files/styles/ratio_2_3_medium/public/product-images/csm-book/tinytravelersmexicotreasurequest-book-image.jpg,https://www.commonsensemedia.org/book-reviews/tiny-travelers-mexico-treasure-quest,multicultural-books
tortillas-are-round-las-tortillas-son-redondas,Tortillas are Round / Las tortillas son redondas,4+,4,Fun bilingual book of shapes celebrates Mexican culture.,Roseanne Greenfield Thong,2019,https://www.commonsensemedia.org/sites/default/files/styles/ratio_x_y_medium/public/product-images/csm-book/tortillas-are-round.jpeg,https://www.commonsensemedia.org/book-reviews/tortillas-are-round-las-tortillas-son-redondas,multicultural-books
yo-soy-muslim-a-fathers-letter-to-his-daughter,Yo Soy Muslim: A Father's Letter to His Daughter,4+,4,Poetic call to be proud of your heritage in a diverse world.,Mark Gonzales,2017,https://www.commonsensemedia.org/sites/default/files/styles/ratio_2_3_medium/public/product-images/csm-book/61sqiyvvb3l-sx258-bo1204203200.jpg,https://www.commonsensemedia.org/book-reviews/yo-soy-muslim-a-fathers-letter-to-his-daughter,multicultural-books
dont-let-the-pigeon-drive-the-bus,Don't Let the Pigeon Drive the Bus!,2+,4,Silliness that appeals to preschoolers.,Mo Willems,2004,https://www.commonsensemedia.org/sites/default/files/styles/ratio_x_y_medium/public/product-images/csm-book/1971-orig.jpg,https://www.commonsensemedia.org/book-reviews/dont-let-the-pigeon-drive-the-bus,50-books-all-kids-should-read
goodnight-moon,Goodnight Moon,2+,5,Ultimate going-to-bed book has stood the test of time.,Margaret Wise Brown,1947,https://www.commonsensemedia.org/sites/default/files/styles/ratio_x_y_medium/public/product-images/csm-book/goodnight-moon.jpg,https://www.commonsensemedia.org/book-reviews/goodnight-moon,50-books-all-kids-should-read
goodnight-goodnight-construction-site,"Goodnight, Goodnight, Construction Site",2+,5,Charming bedtime book is magic for truck lovers.,Sherri Duskey Rinker,2011,https://www.commonsensemedia.org/sites/default/files/styles/ratio_x_y_medium/public/product-images/csm-book/goodnight-goodnight-construction-site-book-cover-image.jpg,https://www.commonsensemedia.org/book-reviews/goodnight-goodnight-construction-site,50-books-all-kids-should-read
harold-and-the-purple-crayon,Harold and the Purple Crayon,2+,5,Imagination reigns in timeless classic about drawing boy.,Crockett Johnson,1955,https://www.commonsensemedia.org/sites/default/files/styles/ratio_2_3_medium/public/product-images/csm-book/harold.jpg,https://www.commonsensemedia.org/book-reviews/harold-and-the-purple-crayon,50-books-all-kids-should-read
the-very-hungry-caterpillar,The Very Hungry Caterpillar,2+,5,"Funny, colorful look at caterpillar's development.",Eric Carle,1970,https://www.commonsensemedia.org/sites/default/files/styles/ratio_x_y_medium/public/product-images/csm-book/the-very-hungry-caterpillar-book-cover2.jpeg,https://www.commonsensemedia.org/book-reviews/the-very-hungry-caterpillar,50-books-all-kids-should-read
where-the-wild-things-are,Where the Wild Things Are,2+,5,Classic all-ages masterpiece has a wild imagination.,Maurice Sendak,1969,https://www.commonsensemedia.org/sites/default/files/styles/ratio_x_y_medium/public/product-images/csm-book/5108-orig.jpg,https://www.commonsensemedia.org/book-reviews/where-the-wild-things-are,50-books-all-kids-should-read
we-are-water-protectors,We Are Water Protectors,3+,5,"Powerful words, vibrant images inspire care for the earth.",Carole Lindstrom,2020,https://www.commonsensemedia.org/sites/default/files/styles/ratio_x_y_medium/public/product-images/csm-book/wearewaterprotectors-book-image.jpg,https://www.commonsensemedia.org/book-reviews/we-are-water-protectors,50-books-all-kids-should-read
big,Big,4+,4,Powerful picture book about girl who's told she's too big.,Vashti Harrison,2023,https://www.commonsensemedia.org/sites/default/files/styles/ratio_2_3_medium/public/product-images/csm-book/big-book-cover-image-3.jpg,https://www.commonsensemedia.org/book-reviews/big,50-books-all-kids-should-read
julian-is-a-mermaid,Julián Is a Mermaid,4+,5,"In touching story and art, boy imagines he's a mermaid.",Jessica Love,2018,https://www.commonsensemedia.org/sites/default/files/styles/ratio_x_y_medium/public/product-images/csm-book/51j53d7e1zl.jpg,https://www.commonsensemedia.org/book-reviews/julian-is-a-mermaid,50-books-all-kids-should-read
knight-owl,Knight Owl,4+,5,Adorable owl befriends dragon in outstanding fantasy tale.,Christopher Denise,2022,https://www.commonsensemedia.org/sites/default/files/styles/ratio_x_y_medium/public/product-images/csm-book/night-owl-book-cover.jpeg,https://www.commonsensemedia.org/book-reviews/knight-owl,50-books-all-kids-should-read
madeline,Madeline,4+,5,Rhyming classic is a sure winner with kids.,Ludwig Bemelmans,1977,https://www.commonsensemedia.org/sites/default/files/styles/ratio_2_3_medium/public/product-images/csm-book/madeline.jpg,https://www.commonsensemedia.org/book-reviews/madeline,50-books-all-kids-should-read
the-cat-in-the-hat,The Cat in the Hat,4+,5,The kids' classic that put Dr. Seuss on the map.,Dr. Seuss,1957,https://www.commonsensemedia.org/sites/default/files/styles/ratio_2_3_medium/public/product-images/csm-book/1036-orig.jpg,https://www.commonsensemedia.org/book-reviews/the-cat-in-the-hat,50-books-all-kids-should-read
charlie-and-the-chocolate-factory,Charlie and the Chocolate Factory,6+,5,Classic morality tale is wildly entertaining.,Roald Dahl,1964,https://www.commonsensemedia.org/sites/default/files/styles/ratio_2_3_medium/public/product-images/csm-book/1085-orig.jpg,https://www.commonsensemedia.org/book-reviews/charlie-and-the-chocolate-factory,50-books-all-kids-should-read
ivy-bean-book-1,"Ivy + Bean, Book 1",6+,5,Friendship tale a sure hit with kids starting chapter books.,Annie Barrows,2007,https://www.commonsensemedia.org/sites/default/files/styles/ratio_2_3_medium/public/product-images/csm-book/6589-orig.jpg,https://www.commonsensemedia.org/book-reviews/ivy-bean-book-1,50-books-all-kids-should-read
stuart-little,Stuart Little,6+,4,Excellent bridge from chapter books to novels.,E.B. White,1945,https://www.commonsensemedia.org/sites/default/files/styles/ratio_2_3_medium/public/product-images/csm-book/1048-orig.jpg,https://www.commonsensemedia.org/book-reviews/stuart-little,50-books-all-kids-should-read
where-the-sidewalk-ends,Where the Sidewalk Ends,6+,5,"Irresistible collection of clever, hilarious poems.",Shel Silverstein,2004,https://www.commonsensemedia.org/sites/default/files/styles/ratio_2_3_medium/public/product-images/csm-book/where-the-sidewalk-ends-book.jpg,https://www.commonsensemedia.org/book-reviews/where-the-sidewalk-ends,50-books-all-kids-should-read
charlottes-web,Charlotte's Web,7+,5,"Gentle, much-loved barnyard classic delights all ages.",E.B. White,1952,https://www.commonsensemedia.org/sites/default/files/styles/ratio_2_3_medium/public/product-images/csm-book/5046-orig.jpg,https://www.commonsensemedia.org/book-reviews/charlottes-web,50-books-all-kids-should-read
daulaires-book-of-greek-myths,D'Aulaires' Book of Greek Myths,8+,4,"Action-packed, fascinating intro to Greek myths.",Ingri d'Aulaire,1962,https://www.commonsensemedia.org/sites/default/files/styles/ratio_2_3_medium/public/product-images/csm-book/1096-orig.jpg,https://www.commonsensemedia.org/book-reviews/daulaires-book-of-greek-myths,50-books-all-kids-should-read
