slug,title,author,asin,amzn_url,source,list
the-feelings-book,The Feelings Book,Todd Parr,,https://amzn.to/3eOXI1X,imaginationsoup.net,sel-picture-books-feelings-emotions
olive-all-at-once,Olive All At Once,,,https://amzn.to/4etuB30,imaginationsoup.net,sel-picture-books-feelings-emotions
pocket-full-of-sads,Pocket Full of Sads,Brad Davidson,,https://amzn.to/3Kxg35W,imaginationsoup.net,sel-picture-books-feelings-emotions
the-rabbit-listened,The Rabbit Listened,Cori Doerrfeld,,https://amzn.to/2jgjzUO,imaginationsoup.net,sel-picture-books-feelings-emotions
happy-sad-today,Happy Sad Today,Lory Britain,,https://amzn.to/3dwn6Ob,imaginationsoup.net,sel-picture-books-feelings-emotions
the-im-not-scared-book,The I'm Not Scared Book,Todd Parr,,http://amzn.to/2y5MK37,imaginationsoup.net,sel-picture-books-feelings-emotions
as-brave-as-a-lion,As Brave as a Lion,Erika Meza,,https://amzn.to/42UOhHo,imaginationsoup.net,sel-picture-books-feelings-emotions
the-cat-who-couldnt-be-bothered,The Cat Who Couldn't Be Bothered,,,https://amzn.to/3P69xoM,imaginationsoup.net,sel-picture-books-feelings-emotions
i-say-you-say-feelings,"I Say, You Say FEELINGS",,0316200743,https://www.amazon.com/dp/0316200743,imaginationsoup.net,sel-picture-books-feelings-emotions
today-i-feel-silly-and-other-moods-that-make-my-day,Today I Feel Silly: And Other Moods that Make My Day,Jamie Lee Curtis,,https://amzn.to/2Zvjwcn,imaginationsoup.net,sel-picture-books-feelings-emotions
i-am-a-thundercloud,I Am a Thundercloud,,,https://amzn.to/3WQH0q8,imaginationsoup.net,sel-picture-books-feelings-emotions
jenny-mei-is-sad,Jenny Mei Is Sad,Tracy Subisak,,https://amzn.to/3wUON8a,imaginationsoup.net,sel-picture-books-feelings-emotions
grumpy-monkey,Grumpy Monkey,Suzanne Lang,,https://amzn.to/2L6TN5Q,imaginationsoup.net,sel-picture-books-feelings-emotions
lenas-shoes-are-nervous,Lena's Shoes Are Nervous,,,https://amzn.to/2AKvdTz,imaginationsoup.net,sel-picture-books-feelings-emotions
hattie-harmony-worry-detective,Hattie Harmony Worry Detective,Elizabeth Olsen,,https://amzn.to/3TkWVdL,imaginationsoup.net,sel-picture-books-feelings-emotions
crying-is-like-the-rain-a-story-of-mindfulness-and-feelings,Crying is Like the Rain: A Story of Mindfulness and Feelings,Heather Hawk Feinberg,,https://amzn.to/3oX1BYa,imaginationsoup.net,sel-picture-books-feelings-emotions
tomorrow-ill-be-brave,Tomorrow I'll Be Brave,Jessica Hische,,https://amzn.to/2RuUlRK,imaginationsoup.net,sel-picture-books-feelings-emotions
tomorrow-ill-be-kind,Tomorrow I'll Be Kind,Jessica Hische,,https://amzn.to/3gfvBco,imaginationsoup.net,sel-picture-books-feelings-emotions
the-many-colors-of-harpreet-singh,The Many Colors of Harpreet Singh,Supriya Kelkar,,https://amzn.to/33dc1HB,imaginationsoup.net,sel-picture-books-feelings-emotions
out-of-a-jar,Out of a Jar,Deborah Marcero,,https://amzn.to/3LEoz0C,imaginationsoup.net,sel-picture-books-feelings-emotions
me-and-my-fear,Me and My Fear,Francesca Sanna,,https://amzn.to/3CBGOm2,imaginationsoup.net,sel-picture-books-feelings-emotions
looking-for-happy,Looking for Happy,Ty Chapman,,https://amzn.to/3HFbJ2G,imaginationsoup.net,sel-picture-books-feelings-emotions
kevin-the-unicorn-its-not-all-rainbows,Kevin the Unicorn: It's Not All Rainbows,Jessika von Innerebner,,https://amzn.to/2niUdeL,imaginationsoup.net,sel-picture-books-feelings-emotions
pilars-worries,Pilar's Worries,Vivan Medina,,https://amzn.to/2JBWto2,imaginationsoup.net,sel-picture-books-feelings-emotions
invisible-things,Invisible Things,,,https://amzn.to/3WHLdMi,imaginationsoup.net,sel-picture-books-feelings-emotions
the-big-worry-day,The Big Worry Day,Chloe Dominique,,https://amzn.to/3SRMX3b,imaginationsoup.net,sel-picture-books-feelings-emotions
the-worry-box,The Worry Box,,,https://amzn.to/2JcSh0m,imaginationsoup.net,sel-picture-books-feelings-emotions
a-blue-kind-of-day,A Blue Kind of Day,Rachel Tomlinson,0593324013,https://www.amazon.com/dp/0593324013,imaginationsoup.net,sel-picture-books-feelings-emotions
i-forgive-alex-a-simple-story-about-understanding,I Forgive Alex A Simple Story About Understanding,,,https://amzn.to/3tgGNyd,imaginationsoup.net,sel-picture-books-feelings-emotions
today-i-feel-an-alphabet-of-feelings,Today I Feel: An Alphabet of Feelings,Madalena Moniz,,http://amzn.to/2mKhsgd,imaginationsoup.net,sel-picture-books-feelings-emotions
when-i-feel-scared,When I Feel Scared,Cornelia Maude Spelman,,https://amzn.to/2IVjZPQ,imaginationsoup.net,sel-picture-books-feelings-emotions
olivia-wrapped-in-vines,Olivia Wrapped in Vines,Maude Nepveu,,https://amzn.to/3UP66DM,imaginationsoup.net,sel-picture-books-feelings-emotions
will-it-be-okay,Will It Be Okay?,Crescent Dragonwagon,,https://amzn.to/3SD0Cdp,imaginationsoup.net,sel-picture-books-feelings-emotions
a-shelter-for-sadness,A Shelter for Sadness,Anne Booth,,https://amzn.to/43IzQaE,imaginationsoup.net,sel-picture-books-feelings-emotions
the-rhino-who-swallowed-a-storm,The Rhino Who Swallowed a Storm,LeVar Burton,0990539504,https://www.amazon.com/dp/0990539504,imaginationsoup.net,sel-picture-books-feelings-emotions
i-am-okay-to-feel,I Am Okay to Feel,Karamo Brown,,https://amzn.to/3Pk3TxX,imaginationsoup.net,sel-picture-books-feelings-emotions
emilys-blue-period,Emily's Blue Period,Cathleen Daly,1596434694,https://www.amazon.com/dp/1596434694,imaginationsoup.net,sel-picture-books-feelings-emotions
ruby-finds-a-worry,Ruby Finds a Worry,Tom Percival,,https://amzn.to/2TXutAd,imaginationsoup.net,sel-picture-books-feelings-emotions
the-color-monster-a-pop-up-book-of-feelings,The Color Monster: A Pop-Up Book of Feelings,Anna Llenas,,http://amzn.to/1k7lwRY,imaginationsoup.net,sel-picture-books-feelings-emotions
wild-feelings,Wild Feelings,David Milgrim,,http://amzn.to/1G7FWEc,imaginationsoup.net,sel-picture-books-feelings-emotions
when-im-feeling-scared,When I'm Feeling Scared,Trace Moroney,,http://amzn.to/1ZRcZ61,imaginationsoup.net,sel-picture-books-feelings-emotions
when-im-feeling-kind,When I'm Feeling Kind,Trace Moroney,,http://amzn.to/1ZRdc9s,imaginationsoup.net,sel-picture-books-feelings-emotions
when-im-feeling-happy,When I'm Feeling Happy,Trace Moroney,,http://amzn.to/1ZRd89H,imaginationsoup.net,sel-picture-books-feelings-emotions
when-im-feeling-jealous,When I'm Feeling Jealous,Trace Moroney,,http://amzn.to/1ZRdddj,imaginationsoup.net,sel-picture-books-feelings-emotions
when-sophie-gets-angryreally-really-angry,"When Sophie Gets Angry—Really, Really Angry…",Molly Bang,,https://amzn.to/2LGf5DZ,imaginationsoup.net,sel-picture-books-feelings-emotions
ten-beautiful-things,Ten Beautiful Things,Molly Beth Griffin,,https://amzn.to/3s3hZH8,imaginationsoup.net,sel-picture-books-feelings-emotions
a-place-inside-of-me,A Place Inside of Me,Zetta Elliott,,https://amzn.to/2C53A94,imaginationsoup.net,sel-picture-books-feelings-emotions
becoming-blue,Becoming Blue,Ellen Tarlow,,https://amzn.to/3JQfgeh,imaginationsoup.net,sel-picture-books-feelings-emotions
poppys-best-paper,Poppy's Best Paper,Susan Eaddy,,http://amzn.to/1Gezvzt,imaginationsoup.net,sel-picture-books-feelings-emotions
inside-out-sadly-ever-after,Inside Out: Sadly Ever After?,Elise Allen,,https://amzn.to/2ZzP1C8,imaginationsoup.net,sel-picture-books-feelings-emotions
