name,credentials,city,zip,fee,online,state,url
"Chris Meehan","Marriage & Family Therapist, LMFT","Los Angeles","90049","","","CA","https://www.psychologytoday.com/us/therapists/chris-meehan-los-angeles-ca/958347"
"Noelle Boyd","Clinical Social Work/Therapist, LCSW","","","","true","CA","https://www.psychologytoday.com/us/therapists/noelle-boyd-los-angeles-ca/1637625"
"Catherine Weiss","Marriage & Family Therapist, MA, LMFT","Los Angeles","90048","","","CA","https://www.psychologytoday.com/us/therapists/catherine-weiss-los-angeles-ca/907928"
"Aaron Diaz","Marriage & Family Therapist, LMFT, DSW","","","","true","CA","https://www.psychologytoday.com/us/therapists/aaron-diaz-los-angeles-ca/1296580"
"Emily Ehrens","Clinical Social Work/Therapist, LCSW, CADC","","","","true","CA","https://www.psychologytoday.com/us/therapists/emily-ehrens-los-angeles-ca/813756"
"Level 3 Sports Psychology - Dr. Richard Trammel","","Los Angeles","90037","","","CA","https://www.psychologytoday.com/us/therapists/level-3-sports-psychology-dr-richard-trammel-los-angeles-ca/850083"
"Alexandria Speer","Marriage & Family Therapist Associate, AMFT","","","","true","CA","https://www.psychologytoday.com/us/therapists/alexandria-speer-los-angeles-ca/1452509"
"Andrew Morris Strassner","Marriage & Family Therapist, MA, LMFT","Los Angeles","90027","","","CA","https://www.psychologytoday.com/us/therapists/andrew-morris-strassner-los-angeles-ca/1383561"
"Dr. Rebecca Coutin","Psychologist, PhD, PMH-C","","","","true","CA","https://www.psychologytoday.com/us/therapists/rebecca-coutin-los-angeles-ca/131675"
"Loree Pham","Occupational Therapist, PhD, OTR/L, ACLM","","","","true","CA","https://www.psychologytoday.com/us/therapists/loree-pham-los-angeles-ca/1753548"
"Randa El Jurdi","Marriage & Family Therapist, El Jurdi","","","","true","CA","https://www.psychologytoday.com/us/therapists/randa-el-jurdi-los-angeles-ca/1716453"
"Meredith Siller","Marriage & Family Therapist, JD, LMFT","Los Angeles","90017","","","CA","https://www.psychologytoday.com/us/therapists/meredith-siller-los-angeles-ca/732984"
"William McGarry","Marriage & Family Therapist Associate, AMFT, CADC-3","Los Angeles","90036","","","CA","https://www.psychologytoday.com/us/therapists/william-mcgarry-los-angeles-ca/1471845"
"Brenda H Rodman","Clinical Social Work/Therapist, LCSW","Los Angeles","90019","","","CA","https://www.psychologytoday.com/us/therapists/brenda-h-rodman-los-angeles-ca/837099"
"Devyn Amos","Clinical Social Work/Therapist, LCSW, PPSC","","","","true","CA","https://www.psychologytoday.com/us/therapists/devyn-amos-los-angeles-ca/1380544"
"Pamela Soffer","Marriage & Family Therapist, MA, LMFT, CMT","","","","true","CA","https://www.psychologytoday.com/us/therapists/pamela-soffer-los-angeles-ca/1080281"
"Shushanik Gaboian","Clinical Social Work/Therapist, LCSW","","","","true","CA","https://www.psychologytoday.com/us/therapists/shushanik-gaboian-los-angeles-ca/1171319"
"Nick Lodato","Marriage & Family Therapist, MA, LMFT","Los Angeles","90036","","","CA","https://www.psychologytoday.com/us/therapists/nick-lodato-los-angeles-ca/486893"
"Christopher Bishay","Clinical Social Work/Therapist, LCSW","","","","true","CA","https://www.psychologytoday.com/us/therapists/christopher-bishay-los-angeles-ca/1747582"
"Pamela Naumes","Marriage & Family Therapist, LMFT","","","","true","CA","https://www.psychologytoday.com/us/therapists/pamela-naumes-los-angeles-ca/1792937"
"Scheherazade Collins","Marriage & Family Therapist, LMFT","","","","true","CA","https://www.psychologytoday.com/us/therapists/scheherazade-collins-los-angeles-ca/1581167"
"Kat Ralph","Clinical Social Work/Therapist, LCSW","","","","true","CA","https://www.psychologytoday.com/us/therapists/kat-ralph-los-angeles-ca/944223"
"Dr. Alisa Turner Augustyn","Psychologist, PsyD","","","","true","CA","https://www.psychologytoday.com/us/therapists/alisa-turner-augustyn-los-angeles-ca/981102"
"Pamela Freundl Kirst","Psychologist, Jungian","Los Angeles","90064","","","CA","https://www.psychologytoday.com/us/therapists/pamela-freundl-kirst-los-angeles-ca/34288"
"Dan Safavi","Licensed Professional Clinical Counselor, MA, LPCC","","","","true","CA","https://www.psychologytoday.com/us/therapists/dan-safavi-los-angeles-ca/452969"
"Kellee M Kemp","Marriage & Family Therapist, MA, LMFT","Los Angeles","90045","","","CA","https://www.psychologytoday.com/us/therapists/kellee-m-kemp-los-angeles-ca/409124"
"John William Johnson","Marriage & Family Therapist, PhD, LMFT","","","","true","CA","https://www.psychologytoday.com/us/therapists/john-william-johnson-los-angeles-ca/813740"
"James McLindon","Marriage & Family Therapist, LMFT","Los Angeles","90230","","","CA","https://www.psychologytoday.com/us/therapists/james-mclindon-los-angeles-ca/830354"
"Janelle Dolrayne","Marriage & Family Therapist Associate, AMFT, MA, MFA, PMH-C","Los Angeles","90036","","","CA","https://www.psychologytoday.com/us/therapists/janelle-dolrayne-los-angeles-ca/1225129"
"Any Velasquez Orellana","Clinical Social Work/Therapist, LCSW","","","","true","CA","https://www.psychologytoday.com/us/therapists/any-velasquez-orellana-los-angeles-ca/1608758"
"Elise Gibney","Psychologist, PhD","Los Angeles","90004","","","CA","https://www.psychologytoday.com/us/therapists/elise-gibney-los-angeles-ca/302713"
"Fox Eros - Polyamory, Queer & Sex Therapist","Marriage & Family Therapist, MA, LMFT","Los Angeles","90039","","","CA","https://www.psychologytoday.com/us/therapists/fox-eros-polyamory-queer-sex-therapist-los-angeles-ca/1074467"
"Anita Narssu Amft","Marriage & Family Therapist Associate, AMFT","","","","true","CA","https://www.psychologytoday.com/us/therapists/anita-narssu-amft-los-angeles-ca/1325585"
"Takinia Jones","Clinical Social Work/Therapist, LCSW","","","","true","CA","https://www.psychologytoday.com/us/therapists/takinia-jones-los-angeles-ca/1082800"
"Michelle Nguyen Williams","Pre-Licensed Professional, AMFT","Los Angeles","90042","","","CA","https://www.psychologytoday.com/us/therapists/michelle-nguyen-williams-los-angeles-ca/1585599"
"Nicola Silver Persky","Marriage & Family Therapist, LMFT","Los Angeles","90026","","","CA","https://www.psychologytoday.com/us/therapists/nicola-silver-persky-los-angeles-ca/929497"
"Lindsey Vargas","Clinical Social Work/Therapist, LCSW","Los Angeles","90002","","","CA","https://www.psychologytoday.com/us/therapists/lindsey-vargas-los-angeles-ca/1722219"
"Caedmon Jamonsta","Pre-Licensed Professional, AMFT","Los Angeles","90036","","","CA","https://www.psychologytoday.com/us/therapists/caedmon-jamonsta-los-angeles-ca/1540510"
"Leslie Kolb","Clinical Social Work/Therapist, LCSW","Los Angeles","90039","","","CA","https://www.psychologytoday.com/us/therapists/leslie-kolb-los-angeles-ca/444505"
"Elyse Springer","Marriage & Family Therapist, MA-CLPT, MFT, PMH-C","Los Angeles","90027","","","CA","https://www.psychologytoday.com/us/therapists/elyse-springer-los-angeles-ca/91818"
"Michael Morar","Marriage & Family Therapist, MA, LMFT","Los Angeles","90036","","","CA","https://www.psychologytoday.com/us/therapists/michael-morar-los-angeles-ca/750155"
"Tenley Hardin","Marriage & Family Therapist Associate, MA, AMFT","","","","true","CA","https://www.psychologytoday.com/us/therapists/tenley-hardin-los-angeles-ca/978080"
"Kristin F Jones","Marriage & Family Therapist, MS, MA, LMFT","","","","true","CA","https://www.psychologytoday.com/us/therapists/kristin-f-jones-los-angeles-ca/1258424"
"Kimberly L Chan","Marriage & Family Therapist, MS, LMFT, SEP","","","","true","CA","https://www.psychologytoday.com/us/therapists/kimberly-l-chan-los-angeles-ca/223939"
"Jeanetta Thomas","Clinical Social Work/Therapist, LCSW, DSW","","","","true","CA","https://www.psychologytoday.com/us/therapists/jeanetta-thomas-los-angeles-ca/1411889"
"Jeanelle Kline","Clinical Social Work/Therapist, LCSW","Los Angeles","90027","","","CA","https://www.psychologytoday.com/us/therapists/jeanelle-kline-los-angeles-ca/1722491"
"Blake Skibiski","Clinical Social Work/Therapist, LCSW","Los Angeles","90065","","","CA","https://www.psychologytoday.com/us/therapists/blake-skibiski-los-angeles-ca/1818632"
"Dunia Hamza","Clinical Social Work/Therapist, LCSW","","","","true","CA","https://www.psychologytoday.com/us/therapists/dunia-hamza-los-angeles-ca/1258471"
"Joe Ricciardi","Clinical Social Work/Therapist, LCSW","Los Angeles","90041","","","CA","https://www.psychologytoday.com/us/therapists/joe-ricciardi-los-angeles-ca/870145"
"Lynn Valverde Marriage & Family Therapy Prof Corp","Marriage & Family Therapist, MFT, CH","Los Angeles","90049","","","CA","https://www.psychologytoday.com/us/therapists/lynn-valverde-marriage-family-therapy-prof-corp-los-angeles-ca/44775"
"Nikki Anavim","Marriage & Family Therapist Associate, LMFT","Los Angeles","90064","","","CA","https://www.psychologytoday.com/us/therapists/nikki-anavim-los-angeles-ca/1322422"
"Alyssa Palmer","Psychologist, PhD","Los Angeles","90025","","","CA","https://www.psychologytoday.com/us/therapists/alyssa-palmer-los-angeles-ca/1413764"
"Emily Dargan Joyner","Psychologist, PhD","","","","true","CA","https://www.psychologytoday.com/us/therapists/emily-dargan-joyner-los-angeles-ca/1630502"
"Morgan McGlothan","Marriage & Family Therapist Associate, AMFT","Los Angeles","90042","","","CA","https://www.psychologytoday.com/us/therapists/morgan-mcglothan-los-angeles-ca/1733826"
"Zachary L Hollis","Marriage & Family Therapist, LMFT","Los Angeles","90036","","","CA","https://www.psychologytoday.com/us/therapists/zachary-l-hollis-los-angeles-ca/1159484"
"Lauren Paige","Psychologist, PhD","","","","true","CA","https://www.psychologytoday.com/us/therapists/lauren-paige-los-angeles-ca/1108049"
"Annabel Nielsen","","","","","true","CA","https://www.psychologytoday.com/us/therapists/annabel-nielsen-los-angeles-ca/1054556"
"Mae Mou","Marriage & Family Therapist Associate, MA, AMFT","Los Angeles","90064","","","CA","https://www.psychologytoday.com/us/therapists/mae-mou-los-angeles-ca/1367007"
"Belong Within Therapy with Sabrina Bolin","Marriage & Family Therapist, LMFT","Los Angeles","90039","","","CA","https://www.psychologytoday.com/us/therapists/belong-within-therapy-with-sabrina-bolin-los-angeles-ca/1268899"
"Melanie Altamirano","Marriage & Family Therapist Associate, MA, AMFT","Los Angeles","90064","","","CA","https://www.psychologytoday.com/us/therapists/melanie-altamirano-los-angeles-ca/1207497"
"Miriam 'mimi' Anthony","Marriage & Family Therapist, LMFT","","","","true","CA","https://www.psychologytoday.com/us/therapists/miriam-mimi-anthony-los-angeles-ca/1086655"
"Liza Zipursky","Clinical Social Work/Therapist, LCSW","","","","true","CA","https://www.psychologytoday.com/us/therapists/liza-zipursky-los-angeles-ca/1719840"
"Roxane Cohanim","Marriage & Family Therapist, LMFT","Los Angeles","90049","","","CA","https://www.psychologytoday.com/us/therapists/roxane-cohanim-los-angeles-ca/417777"
"Caryn Shein Psychotherapy","Clinical Social Work/Therapist, LCSW","Los Angeles","90036","","","CA","https://www.psychologytoday.com/us/therapists/caryn-shein-psychotherapy-los-angeles-ca/200902"
"Judith Leventhal","Clinical Social Work/Therapist, LCSW","","","","true","CA","https://www.psychologytoday.com/us/therapists/judith-leventhal-los-angeles-ca/1650447"
"Abagail Waight","Counselor, MS, LPCC","Los Angeles","90049","","","CA","https://www.psychologytoday.com/us/therapists/abagail-waight-los-angeles-ca/975744"
"Jaclyn Neddenriep","Psychologist, PsyD","","","","true","CA","https://www.psychologytoday.com/us/therapists/jaclyn-neddenriep-los-angeles-ca/1232306"
"Ursula Gabel Baird, LMFT, EMDR Certified Therapist","Marriage & Family Therapist, LMFT","Los Angeles","90049","","true","CA","https://www.psychologytoday.com/us/therapists/ursula-gabel-baird-lmft-emdr-certified-therapist-los-angeles-ca/953246"
"Hayley Harrison","Marriage & Family Therapist Associate, AMFT, MS","Los Angeles","90064","","","CA","https://www.psychologytoday.com/us/therapists/hayley-harrison-los-angeles-ca/1599111"
"Alexandra Park","Marriage & Family Therapist Associate, AMFT","Los Angeles","90025","","","CA","https://www.psychologytoday.com/us/therapists/alexandra-park-los-angeles-ca/1311734"
"Miriam Brown","Marriage & Family Therapist, MA, LMFT","Los Angeles","90027","","","CA","https://www.psychologytoday.com/us/therapists/miriam-brown-los-angeles-ca/1269850"
"Jj Duchman","Clinical Social Work/Therapist, LCSW, CSAT-C","Los Angeles","90035","","","CA","https://www.psychologytoday.com/us/therapists/jj-duchman-los-angeles-ca/860983"
"Park LA Psychotherapy","Psychologist, PhD","Los Angeles","90057","","","CA","https://www.psychologytoday.com/us/therapists/park-la-psychotherapy-los-angeles-ca/811460"
"Amy Plaster","Clinical Social Work/Therapist, LCSW","","","","true","CA","https://www.psychologytoday.com/us/therapists/amy-plaster-los-angeles-ca/1738775"
"Dr. Dale C Hiebert","Psychologist, PsyD, CPsych","","","","true","CA","https://www.psychologytoday.com/us/therapists/dale-c-hiebert-los-angeles-ca/1253688"
"Alexandra Spigelman","Marriage & Family Therapist, LMFT","","","","true","CA","https://www.psychologytoday.com/us/therapists/alexandra-spigelman-los-angeles-ca/788916"
"Dr Mehwish Shahid, CBT Child Psychologist","Psychologist, PhD","Los Angeles","90025","","","CA","https://www.psychologytoday.com/us/therapists/dr-mehwish-shahid-cbt-child-psychologist-los-angeles-ca/1317668"
"Anjali Shah","Marriage & Family Therapist, MA, LMFT","","","","true","CA","https://www.psychologytoday.com/us/therapists/anjali-shah-los-angeles-ca/1125083"
"Susie Cobb","Marriage & Family Therapist, MA, LMFT, PMH-C","Los Angeles","90064","","","CA","https://www.psychologytoday.com/us/therapists/susie-cobb-los-angeles-ca/935510"
"Tim Dvorak","Marriage & Family Therapist, LMFT","Los Angeles","90004","","","CA","https://www.psychologytoday.com/us/therapists/tim-dvorak-los-angeles-ca/1075156"
"Gayla Terzian","Marriage & Family Therapist, MA, LMFT","Los Angeles","90045","","","CA","https://www.psychologytoday.com/us/therapists/gayla-terzian-los-angeles-ca/406769"
"Jenni Pertuset","Marriage & Family Therapist Associate, AMFT, APCC","","","","true","CA","https://www.psychologytoday.com/us/therapists/jenni-pertuset-los-angeles-ca/1241076"
"Hal Tyler","Licensed Professional Counselor, MA, LPCC","Los Angeles","90039","","","CA","https://www.psychologytoday.com/us/therapists/hal-tyler-los-angeles-ca/715222"
"Carrie Smolen","Marriage & Family Therapist, MS, LMFT","Los Angeles","90026","","","CA","https://www.psychologytoday.com/us/therapists/carrie-smolen-los-angeles-ca/1234246"
"Nick Holt, LCSW","Clinical Social Work/Therapist, MSW, LCSW, A-CBT, BCD","Los Angeles","90025","","","CA","https://www.psychologytoday.com/us/therapists/nick-holt-lcsw-los-angeles-ca/248106"
"Molly Nestor Kaye","Marriage & Family Therapist, AMFT, MS","","","","true","CA","https://www.psychologytoday.com/us/therapists/molly-nestor-kaye-los-angeles-ca/1013907"
"Emily DeVries","Clinical Social Work/Therapist, LCSW","Los Angeles","90061","","","CA","https://www.psychologytoday.com/us/therapists/emily-devries-los-angeles-ca/1621621"
"Casey Garner - LGBT-Affirmative Therapy","Marriage & Family Therapist Associate","Los Angeles","90010","","","CA","https://www.psychologytoday.com/us/therapists/casey-garner-lgbt-affirmative-therapy-los-angeles-ca/1295530"
"Julia Levin","Marriage & Family Therapist, LMFT","","","","true","CA","https://www.psychologytoday.com/us/therapists/julia-levin-los-angeles-ca/814220"
"Jessica Munoz-Simmons","Marriage & Family Therapist, LMFT","","","","true","CA","https://www.psychologytoday.com/us/therapists/jessica-munoz-simmons-los-angeles-ca/1682909"
"Sarah McCusker","Clinical Social Work/Therapist, LCSW","Los Angeles","90004","","","CA","https://www.psychologytoday.com/us/therapists/sarah-mccusker-los-angeles-ca/950289"
"Lucy Oh","Clinical Social Work/Therapist, LCSW","","","","true","CA","https://www.psychologytoday.com/us/therapists/lucy-oh-los-angeles-ca/1126775"
"Kimberly Porter","Clinical Social Work/Therapist, LCSW","","","","true","CA","https://www.psychologytoday.com/us/therapists/kimberly-porter-los-angeles-ca/1105990"
"Anastasiya Lebedeva","Clinical Social Work/Therapist","","","","true","CA","https://www.psychologytoday.com/us/therapists/anastasiya-lebedeva-los-angeles-ca/978689"
"Kristina Roman","Clinical Social Work/Therapist, ACSW","","","","true","CA","https://www.psychologytoday.com/us/therapists/kristina-roman-los-angeles-ca/1279510"
"Shlomit Yelin-Arber","Marriage & Family Therapist, MS, LMFT","Los Angeles","90039","","","CA","https://www.psychologytoday.com/us/therapists/shlomit-yelin-arber-los-angeles-ca/276868"
"Nahid Niestzche","","Los Angeles","90025","","","CA","https://www.psychologytoday.com/us/therapists/nahid-niestzche-los-angeles-ca/1703980"
"Molly Joslin","Clinical Social Work/Therapist, LCSW","","","","true","CA","https://www.psychologytoday.com/us/therapists/molly-joslin-los-angeles-ca/1666446"
"Evelyn K Co","Marriage & Family Therapist, MFT, ATR-BC","Los Angeles","90066","","","CA","https://www.psychologytoday.com/us/therapists/evelyn-k-co-los-angeles-ca/279077"
"Dr. Marcus A. Rodriguez","Psychologist, PhD","Los Angeles","90025","","","CA","https://www.psychologytoday.com/us/therapists/marcus-a-rodriguez-los-angeles-ca/1011068"
"Sharon Eshaghpour","Clinical Social Work/Therapist, LCSW","Los Angeles","90048","","","CA","https://www.psychologytoday.com/us/therapists/sharon-eshaghpour-los-angeles-ca/418123"
"Kevin Stolper","Marriage & Family Therapist, MA, LMFT","","","","true","CA","https://www.psychologytoday.com/us/therapists/kevin-stolper-los-angeles-ca/353433"
"Carolyn Rhoades","Licensed Professional Clinical Counselor, MA, LPCC","Los Angeles","90013","","","CA","https://www.psychologytoday.com/us/therapists/carolyn-rhoades-los-angeles-ca/904510"
"Brennan Jung","Psychologist, PsyD","Los Angeles","90027","","","CA","https://www.psychologytoday.com/us/therapists/brennan-jung-los-angeles-ca/1136647"
"Thomas J. Pier","Clinical Social Work/Therapist, LCSW, OSW-C, CMF","Los Angeles","90018","","","CA","https://www.psychologytoday.com/us/therapists/thomas-j-pier-los-angeles-ca/347766"
"Pamela Warren","Marriage & Family Therapist, MA, LMFT","Los Angeles","90049","","","CA","https://www.psychologytoday.com/us/therapists/pamela-warren-los-angeles-ca/274390"
"Dr. Allison Jamtaas","Psychologist, PsyD","","","","true","CA","https://www.psychologytoday.com/us/therapists/allison-jamtaas-los-angeles-ca/1326320"
"Cameron Lee","Clinical Social Work/Therapist, LCSW","","","","true","CA","https://www.psychologytoday.com/us/therapists/cameron-lee-los-angeles-ca/1216655"
"Rosaline Lin","Psychologist, PhD","","","","true","CA","https://www.psychologytoday.com/us/therapists/rosaline-lin-los-angeles-ca/1671048"
"Amy Jaffe","Clinical Social Work/Therapist, LCSW","Los Angeles","90024","","","CA","https://www.psychologytoday.com/us/therapists/amy-jaffe-los-angeles-ca/154743"
"Emily Markowitz","Clinical Social Work/Therapist, LMSW, LCSW","Los Angeles","90036","","","CA","https://www.psychologytoday.com/us/therapists/emily-markowitz-los-angeles-ca/112556"
"Thomas Y. Simon","Marriage & Family Therapist, MFT","","","","true","CA","https://www.psychologytoday.com/us/therapists/thomas-y-simon-los-angeles-ca/134789"
"Minerva Paz","Marriage & Family Therapist, LMFT","Los Angeles","90066","","","CA","https://www.psychologytoday.com/us/therapists/minerva-paz-los-angeles-ca/1042060"
"Cleo Oubre","Clinical Social Work/Therapist, LCSW","Los Angeles","90024","","","CA","https://www.psychologytoday.com/us/therapists/cleo-oubre-los-angeles-ca/1549791"
"Pamela Camino","Clinical Social Work/Therapist, MA, LCSW","","","","true","CA","https://www.psychologytoday.com/us/therapists/pamela-camino-los-angeles-ca/1416074"
"Justin Barker","Psychologist, PsyD","Los Angeles","90025","","","CA","https://www.psychologytoday.com/us/therapists/justin-barker-los-angeles-ca/774467"
"Chelsea Marie Saunders","Associate Professional Clinical Counselor, M.A., APCC","Los Angeles","90004","","","CA","https://www.psychologytoday.com/us/therapists/chelsea-marie-saunders-los-angeles-ca/1714288"
"Jordan Fu","Marriage & Family Therapist, MA, LMFT","","","","true","CA","https://www.psychologytoday.com/us/therapists/jordan-fu-los-angeles-ca/1104574"
"Erin Stanford","Marriage & Family Therapist, MA, LMFT","Los Angeles","90039","","","CA","https://www.psychologytoday.com/us/therapists/erin-stanford-los-angeles-ca/446398"
"Ronald Ochoa","Marriage & Family Therapist, LMFT","","","","true","CA","https://www.psychologytoday.com/us/therapists/ronald-ochoa-los-angeles-ca/1768117"
"Shir Atias","","Los Angeles","90035","","","CA","https://www.psychologytoday.com/us/therapists/shir-atias-los-angeles-ca/1550184"
"Dr. Liz Wee Ph.D., EFT Couples, Sex, Art, PATP","Marriage & Family Therapist, PhD, LMFT, CST, ATR, PATP","Los Angeles","90034","","","CA","https://www.psychologytoday.com/us/therapists/dr-liz-wee-ph-d-eft-couples-sex-art-patp-los-angeles-ca/403522"
"Hayley Feuer","Clinical Social Work/Therapist, LCSW","","","","true","CA","https://www.psychologytoday.com/us/therapists/hayley-feuer-los-angeles-ca/1738040"
"Dr. Malika Stewart-Bey","Marriage & Family Therapist, LMFT, DMFT","","","","true","CA","https://www.psychologytoday.com/us/therapists/malika-stewart-bey-los-angeles-ca/407085"
"Kristi Dechairo Ahern","Counselor, LPCC, LMHC, CGCS","Los Angeles","90027","","","CA","https://www.psychologytoday.com/us/therapists/kristi-dechairo-ahern-los-angeles-ca/779567"
"Emily Rosen","Clinical Social Work/Therapist, MA, LCSW","Los Angeles","90039","","","CA","https://www.psychologytoday.com/us/therapists/emily-rosen-los-angeles-ca/761738"
"Molly Ackerly","Clinical Social Work/Therapist, LCSW","Los Angeles","90025","","","CA","https://www.psychologytoday.com/us/therapists/molly-ackerly-los-angeles-ca/456661"
"Summer Loria","Marriage & Family Therapist, LMFT","","","","true","CA","https://www.psychologytoday.com/us/therapists/summer-loria-los-angeles-ca/1269928"
"Jasmine Ahluwalia","Licensed Professional Counselor, MA","","","","true","CA","https://www.psychologytoday.com/us/therapists/jasmine-ahluwalia-los-angeles-ca/1614636"
"Sara Hechtman","Marriage & Family Therapist, LMFT","","","","true","CA","https://www.psychologytoday.com/us/therapists/sara-hechtman-los-angeles-ca/1093300"
"Veronica Correa Perin","Psychologist, PhD","","","","true","CA","https://www.psychologytoday.com/us/therapists/veronica-correa-perin-los-angeles-ca/1066541"
"Kadrea Forte","Marriage & Family Therapist, LMFT","","","","true","CA","https://www.psychologytoday.com/us/therapists/kadrea-forte-los-angeles-ca/1793519"
"Dr. Johand Rodríguez","Psychologist, PsyD","Los Angeles","90034","","","CA","https://www.psychologytoday.com/us/therapists/johand-rodriguez-los-angeles-ca/414870"
"Anna Stookey","Marriage & Family Therapist, MA, MFT, CHT","Los Angeles","90010","","","CA","https://www.psychologytoday.com/us/therapists/anna-stookey-los-angeles-ca/34869"
"Dr. Heather LaFace","Psychologist, PhD","","","","true","CA","https://www.psychologytoday.com/us/therapists/dr-heather-laface-los-angeles-ca/454396"
"OCD Clinic Community West","Psychologist","Los Angeles","90025","","","CA","https://www.psychologytoday.com/us/therapists/ocd-clinic-community-west-los-angeles-ca/736512"
"David Burke","Psychologist, PsyD","Los Angeles","90048","","","CA","https://www.psychologytoday.com/us/therapists/david-burke-los-angeles-ca/69058"
"Miguel Graciano","Clinical Social Work/Therapist, LCSW","","","","true","CA","https://www.psychologytoday.com/us/therapists/miguel-graciano-los-angeles-ca/1165392"
"N. Cherie Nassi","Marriage & Family Therapist, MA, MS, LMFT","Los Angeles","90049","","","CA","https://www.psychologytoday.com/us/therapists/n-cherie-nassi-los-angeles-ca/1122479"
"Will Michelson","Marriage & Family Therapist, LMFT, MSMFT","Los Angeles","90025","","","CA","https://www.psychologytoday.com/us/therapists/will-michelson-los-angeles-ca/910957"
"Kelsey Gates","Marriage & Family Therapist, LMFT, MA","","","","true","CA","https://www.psychologytoday.com/us/therapists/kelsey-gates-los-angeles-ca/1089947"
"Seth Sultan","Clinical Social Work/Therapist, LCSW, SEP","","","","true","CA","https://www.psychologytoday.com/us/therapists/seth-sultan-los-angeles-ca/799507"
"Sarah Musich","Clinical Social Work/Therapist, LCSW","Los Angeles","90045","","","CA","https://www.psychologytoday.com/us/therapists/sarah-musich-los-angeles-ca/740183"
"Susan Moscov","Clinical Social Work/Therapist, LCSW","Los Angeles","90025","","","CA","https://www.psychologytoday.com/us/therapists/susan-moscov-los-angeles-ca/73972"
"Antonia Hickey","Psychologist, PsyD","","","","true","CA","https://www.psychologytoday.com/us/therapists/antonia-hickey-los-angeles-ca/760049"
"Dr. Shelby Solomon","Psychologist, PhD","","","","true","CA","https://www.psychologytoday.com/us/therapists/shelby-solomon-los-angeles-ca/984625"
"Elizabeth Collier","Marriage & Family Therapist Associate, MA, AMFT, EMDR","Los Angeles","90036","","","CA","https://www.psychologytoday.com/us/therapists/elizabeth-collier-los-angeles-ca/1230466"
"Brandon Guin","Marriage & Family Therapist, PhD, LMFT","","","","true","CA","https://www.psychologytoday.com/us/therapists/brandon-guin-los-angeles-ca/86080"
"Edna Ibel Barnes","Marriage & Family Therapist, MA, LMFT","Los Angeles","90015","","","CA","https://www.psychologytoday.com/us/therapists/edna-ibel-barnes-los-angeles-ca/388096"
"Rachel Chistyakov","Marriage & Family Therapist, LMFT","","","","true","CA","https://www.psychologytoday.com/us/therapists/rachel-chistyakov-los-angeles-ca/1791390"
"Dr. Jeff Hicks","Psychologist, PsyD","","","","true","CA","https://www.psychologytoday.com/us/therapists/jeff-hicks-los-angeles-ca/1078852"
"Deborah Downey","Licensed Professional Counselor, LPC","","","","true","CA","https://www.psychologytoday.com/us/therapists/deborah-downey-los-angeles-ca/1747048"
"Zoe Camp Sachse","Clinical Social Work/Therapist, LCSW","","","","true","CA","https://www.psychologytoday.com/us/therapists/zoe-camp-sachse-los-angeles-ca/1175188"
"Rachel Kang","Clinical Social Work/Therapist, LCSW","Los Angeles","90025","","","CA","https://www.psychologytoday.com/us/therapists/rachel-kang-los-angeles-ca/1055651"
"Zoe Shpiner","Clinical Social Work/Therapist, LCSW","","","","true","CA","https://www.psychologytoday.com/us/therapists/zoe-shpiner-los-angeles-ca/1650052"
"Sonnet Daymont","Marriage & Family Therapist, MA, LMFT","Los Angeles","90027","","","CA","https://www.psychologytoday.com/us/therapists/sonnet-daymont-los-angeles-ca/703627"
"Mark Allison","Marriage & Family Therapist, LMFT","","","","true","CA","https://www.psychologytoday.com/us/therapists/mark-allison-los-angeles-ca/76224"
"Keisha Libbrecht, Anxiety & Relationship Therapist","Marriage & Family Therapist, LMFT","Los Angeles","90034","","","CA","https://www.psychologytoday.com/us/therapists/keisha-libbrecht-anxiety-relationship-therapist-los-angeles-ca/817488"
"Silver Lake Psychology - WeHo","Psychologist, PsyD","Los Angeles","90027","","","CA","https://www.psychologytoday.com/us/therapists/silver-lake-psychology-weho-los-angeles-ca/842247"
"Joslyn Baxter","Psychologist, PsyD","Los Angeles","90048","","","CA","https://www.psychologytoday.com/us/therapists/joslyn-baxter-los-angeles-ca/128943"
"Christa Walker","Licensed Professional Counselor, LPC","Los Angeles","90017","","","CA","https://www.psychologytoday.com/us/therapists/christa-walker-los-angeles-ca/1655061"
"Kelli Washington","Licensed Professional Counselor, LCMHC","","","","true","CA","https://www.psychologytoday.com/us/therapists/kelli-washington-los-angeles-ca/1181369"
"Marlene L Schoen","Psychologist, PhD","Los Angeles","90048","","","CA","https://www.psychologytoday.com/us/therapists/marlene-l-schoen-los-angeles-ca/68173"
"Melanie Payne","Clinical Social Work/Therapist, LCSW","Los Angeles","90014","","","CA","https://www.psychologytoday.com/us/therapists/melanie-payne-los-angeles-ca/1623222"
"Ava Cázares","Marriage & Family Therapist, M.S., LMFT","","","","true","CA","https://www.psychologytoday.com/us/therapists/ava-cazares-los-angeles-ca/1731647"
"Ben Chandler","Marriage & Family Therapist Associate, MA, AMFT","Los Angeles","90064","","","CA","https://www.psychologytoday.com/us/therapists/ben-chandler-los-angeles-ca/1205588"
"Bridgett Gomez","Clinical Social Work/Therapist, LCSW, TFCBT","","","","true","CA","https://www.psychologytoday.com/us/therapists/bridgett-gomez-los-angeles-ca/1667722"
"Christie Schnur","Marriage & Family Therapist, MA, LMFT","","","","true","CA","https://www.psychologytoday.com/us/therapists/christie-schnur-los-angeles-ca/444598"
"Zaryn Avaren","Clinical Social Work/Therapist, LCSW","","","","true","CA","https://www.psychologytoday.com/us/therapists/zaryn-avaren-los-angeles-ca/1799432"
"Samer Fawaz","Marriage & Family Therapist, MA, LMFT","Los Angeles","90039","","","CA","https://www.psychologytoday.com/us/therapists/samer-fawaz-los-angeles-ca/1039621"
"Dimitrios Pexaras","Licensed Professional Clinical Counselor, LPCC","","","","true","CA","https://www.psychologytoday.com/us/therapists/dimitrios-pexaras-los-angeles-ca/958153"
"Elana Berman","Clinical Social Work/Therapist, LCSW","","","","true","CA","https://www.psychologytoday.com/us/therapists/elana-berman-los-angeles-ca/1432265"
"Kat Teller","Drug & Alcohol Counselor, CCAC, ACC, BA","Los Angeles","90004","","","CA","https://www.psychologytoday.com/us/therapists/kat-teller-los-angeles-ca/851837"
"Facing It Together","Clinical Social Work/Therapist, LCSW","Los Angeles","90025","","","CA","https://www.psychologytoday.com/us/therapists/facing-it-together-los-angeles-ca/1232731"
"Marlynn Banta","Marriage & Family Therapist, LMFT","","","","true","CA","https://www.psychologytoday.com/us/therapists/marlynn-banta-los-angeles-ca/1638077"
"Dr. Patrick Martinez","Psychological Associate, PsyD","Los Angeles","90039","","","CA","https://www.psychologytoday.com/us/therapists/patrick-martinez-los-angeles-ca/1123694"
"Josh Beren","Marriage & Family Therapist Associate, AMFT","Los Angeles","90029","","","CA","https://www.psychologytoday.com/us/therapists/josh-beren-los-angeles-ca/1753408"
"Rachel Zioulas","Marriage & Family Therapist, MA, LMFT","Los Angeles","90048","","","CA","https://www.psychologytoday.com/us/therapists/rachel-zioulas-los-angeles-ca/1478202"
"Dr. Marci Flores","Psychologist, PsyD","","","","true","CA","https://www.psychologytoday.com/us/therapists/marci-flores-los-angeles-ca/339037"
"Wellness Village","Clinical Social Work/Therapist, LCSW","","","","true","CA","https://www.psychologytoday.com/us/therapists/wellness-village-los-angeles-ca/235660"
"April Celeste Elaine Johnson","Marriage & Family Therapist, DSW, MS, LMFT","","","","true","CA","https://www.psychologytoday.com/us/therapists/april-celeste-elaine-johnson-los-angeles-ca/729935"
"Veronica D Swink-Williams","Marriage & Family Therapist, LMFT","","","","true","CA","https://www.psychologytoday.com/us/therapists/veronica-d-swink-williams-los-angeles-ca/281675"
"Sasha Hawkes","Marriage & Family Therapist, LMFT","","","","true","CA","https://www.psychologytoday.com/us/therapists/sasha-hawkes-los-angeles-ca/1810924"
"Renata Halwani","Licensed Professional Clinical Counselor, MA, LPCC","","","","true","CA","https://www.psychologytoday.com/us/therapists/renata-halwani-los-angeles-ca/1075563"
"Sophie Elkins","","Los Angeles","90025","","","CA","https://www.psychologytoday.com/us/therapists/sophie-elkins-los-angeles-ca/1231333"
"Samora Suber","Marriage & Family Therapist Associate","","","","true","CA","https://www.psychologytoday.com/us/therapists/samora-suber-los-angeles-ca/1501671"
"Dave Hunter Fein","Marriage & Family Therapist Associate, AMFT","Los Angeles","90036","","","CA","https://www.psychologytoday.com/us/therapists/dave-hunter-fein-los-angeles-ca/705111"
"Christopher Aaron Sanchez Lascurain","Clinical Social Work/Therapist, LCSW","","","","true","CA","https://www.psychologytoday.com/us/therapists/christopher-aaron-sanchez-lascurain-los-angeles-ca/862174"
"Maleeha Naqvi","Psychologist, PsyD","Los Angeles","90069","","","CA","https://www.psychologytoday.com/us/therapists/maleeha-naqvi-los-angeles-ca/1560771"
"Diana Cho","Marriage & Family Therapist Associate, AMFT","Los Angeles","90064","","","CA","https://www.psychologytoday.com/us/therapists/diana-cho-los-angeles-ca/1788569"
"Earthy Chinisie","Clinical Social Work/Therapist, LCSW","","","","true","CA","https://www.psychologytoday.com/us/therapists/earthy-chinisie-los-angeles-ca/1719138"
"Jennifer Willemsen: ADHD, Anxiety, & Neurofeedback","Marriage & Family Therapist, DSW, MS, LMFT","Los Angeles","90025","","true","CA","https://www.psychologytoday.com/us/therapists/jennifer-willemsen-adhd-anxiety-neurofeedback-los-angeles-ca/346199"
"Cynthia Wu","Marriage & Family Therapist, LMFT, MA","","","","true","CA","https://www.psychologytoday.com/us/therapists/cynthia-wu-los-angeles-ca/728951"
"Lea H Bishop","Clinical Social Work/Therapist, LCSW","","","","true","CA","https://www.psychologytoday.com/us/therapists/lea-h-bishop-los-angeles-ca/1264875"
"Francine Lederer","Psychologist, PsyD","Los Angeles","90025","","","CA","https://www.psychologytoday.com/us/therapists/francine-lederer-los-angeles-ca/63759"
"Jessica Tucker","Clinical Social Work/Therapist, LICSW","","","","true","CA","https://www.psychologytoday.com/us/therapists/jessica-tucker-los-angeles-ca/397647"
"Stephanie Riseley","","Los Angeles","90035","","","CA","https://www.psychologytoday.com/us/therapists/stephanie-riseley-los-angeles-ca/1438425"
"Betel Christy Ruschmeyer","Marriage & Family Therapist, LMFT","","","","true","CA","https://www.psychologytoday.com/us/therapists/betel-christy-ruschmeyer-los-angeles-ca/942929"
"Megan Stanley","Clinical Social Work/Therapist, LCSW","","","","true","CA","https://www.psychologytoday.com/us/therapists/megan-stanley-los-angeles-ca/942455"
"Jenny Lee","Psychological Associate, PsyD, MA","","","","true","CA","https://www.psychologytoday.com/us/therapists/jenny-lee-los-angeles-ca/1032469"
"Yvette Rico","","San Francisco","94132","","","CA","https://www.psychologytoday.com/us/therapists/yvette-rico-san-francisco-ca/492438"
"Meredith Edwards","Marriage & Family Therapist, MA, LMFT","San Francisco","94110","","","CA","https://www.psychologytoday.com/us/therapists/meredith-edwards-san-francisco-ca/998678"
"Emily Hung","Marriage & Family Therapist, LMFT, MA","","","","true","CA","https://www.psychologytoday.com/us/therapists/emily-hung-san-francisco-ca/1757138"
"Daniel Moultrie","Marriage & Family Therapist, MS, LMFT","San Francisco","94102","","","CA","https://www.psychologytoday.com/us/therapists/daniel-moultrie-san-francisco-ca/1273453"
"Jesse Whittle-Utter","Marriage & Family Therapist, MA, LMFT","San Francisco","94115","","","CA","https://www.psychologytoday.com/us/therapists/jesse-whittle-utter-san-francisco-ca/1715778"
"Leah R Finn","Marriage & Family Therapist, LMFT","","","","true","CA","https://www.psychologytoday.com/us/therapists/leah-r-finn-san-francisco-ca/457491"
"Anthony F Jannetti","Psychologist, PhD","San Francisco","94114","","","CA","https://www.psychologytoday.com/us/therapists/anthony-f-jannetti-san-francisco-ca/200135"
"Jacqueline Lumer","Marriage & Family Therapist, MA, LMFT","San Francisco","94104","","","CA","https://www.psychologytoday.com/us/therapists/jacqueline-lumer-san-francisco-ca/116930"
"Aaron Wilson","Marriage & Family Therapist, LMFT","","","","true","CA","https://www.psychologytoday.com/us/therapists/aaron-wilson-san-francisco-ca/335441"
"Jonathan Oakes","Marriage & Family Therapist, LMFT","","","","true","CA","https://www.psychologytoday.com/us/therapists/jonathan-oakes-san-francisco-ca/1788127"
"Johnny Morataya","Clinical Social Work/Therapist, LCSW","","","","true","CA","https://www.psychologytoday.com/us/therapists/johnny-morataya-san-francisco-ca/982401"
"Anja Schmitz","Psychologist, PhD","San Francisco","94110","","","CA","https://www.psychologytoday.com/us/therapists/anja-schmitz-san-francisco-ca/288850"
"Dr. Gina M. Smith","Psychologist, PsyD","San Francisco","94111","","","CA","https://www.psychologytoday.com/us/therapists/gina-m-smith-san-francisco-ca/1119519"
"Suzanne Buckley","Marriage & Family Therapist, LMFT","","","","true","CA","https://www.psychologytoday.com/us/therapists/suzanne-buckley-san-francisco-ca/1322272"
"Mara Stewart","Pre-Licensed Professional, PsyD","San Francisco","94117","","","CA","https://www.psychologytoday.com/us/therapists/mara-stewart-san-francisco-ca/1833560"
"Susan Allen","Marriage & Family Therapist, MA, LMFT","San Francisco","94115","","","CA","https://www.psychologytoday.com/us/therapists/susan-allen-san-francisco-ca/72521"
"Jason Karageorge","Psychologist, PhD, MS, MPhil","San Francisco","94102","","","CA","https://www.psychologytoday.com/us/therapists/jason-karageorge-san-francisco-ca/94284"
"Walter Recinos","","","","","true","CA","https://www.psychologytoday.com/us/therapists/walter-recinos-san-francisco-ca/1599090"
"Jenna Kemp","Marriage & Family Therapist, MA, LMFT","San Francisco","94118","","","CA","https://www.psychologytoday.com/us/therapists/jenna-kemp-san-francisco-ca/306730"
"Lark Nierenberg","Clinical Social Work/Therapist, LCSW","","","","true","CA","https://www.psychologytoday.com/us/therapists/lark-nierenberg-san-francisco-ca/944576"
"Yuko Ninomiya","Psychologist, PsyD","San Francisco","94102","","","CA","https://www.psychologytoday.com/us/therapists/yuko-ninomiya-san-francisco-ca/91577"
"Greg Anderson","Marriage & Family Therapist Associate, AMFT","San Francisco","94114","","","CA","https://www.psychologytoday.com/us/therapists/greg-anderson-san-francisco-ca/1239855"
"Graham Best","Marriage & Family Therapist, MA, LMFT","San Francisco","94122","","","CA","https://www.psychologytoday.com/us/therapists/graham-best-san-francisco-ca/339854"
"Bella Yousif","Marriage & Family Therapist Associate, AMFT","San Francisco","94102","","","CA","https://www.psychologytoday.com/us/therapists/bella-yousif-san-francisco-ca/1117953"
"Kelly Lewis","Marriage & Family Therapist, MA, LMFT","San Francisco","94115","","","CA","https://www.psychologytoday.com/us/therapists/kelly-lewis-san-francisco-ca/888940"
"Georgina Castellanos","Clinical Social Work/Therapist, LCSW","","","","true","CA","https://www.psychologytoday.com/us/therapists/georgina-castellanos-san-francisco-ca/1224564"
"Dr. Mandy Zenda","Psychologist, PhD, DBSM","","","","true","CA","https://www.psychologytoday.com/us/therapists/mandy-zenda-san-francisco-ca/1172951"
"Alan Dean","Marriage & Family Therapist, LMFT","","","","true","CA","https://www.psychologytoday.com/us/therapists/alan-dean-san-francisco-ca/892031"
"Hawlan Ng","Psychologist, PsyD","San Francisco","94102","","","CA","https://www.psychologytoday.com/us/therapists/hawlan-ng-san-francisco-ca/353109"
"Larry O'Connor, Marriage and Family Therapist","Marriage & Family Therapist, MFT, MA, MS","San Francisco","94110","","","CA","https://www.psychologytoday.com/us/therapists/larry-o-connor-marriage-and-family-therapist-san-francisco-ca/39847"
"Jacques Russell","Marriage & Family Therapist Associate, MA, AMFT","San Francisco","94123","","","CA","https://www.psychologytoday.com/us/therapists/jacques-russell-san-francisco-ca/784490"
"Christine Wai","Psychologist, PsyD","San Francisco","94115","","","CA","https://www.psychologytoday.com/us/therapists/christine-wai-san-francisco-ca/1794079"
"Michelle Wong | Relationship Therapy","Marriage & Family Therapist Associate, MA, AMFT","San Francisco","94104","","","CA","https://www.psychologytoday.com/us/therapists/michelle-wong-relationship-therapy-san-francisco-ca/1482147"
"Cheryl Clementson","Marriage & Family Therapist, MA, LMFT","San Francisco","94115","","","CA","https://www.psychologytoday.com/us/therapists/cheryl-clementson-san-francisco-ca/821805"
"Lauren Mizock","Psychologist, PhD","San Francisco","94118","","","CA","https://www.psychologytoday.com/us/therapists/lauren-mizock-san-francisco-ca/160828"
"Kurt Vaillancourt","Marriage & Family Therapist, LMFT","San Francisco","94105","","","CA","https://www.psychologytoday.com/us/therapists/kurt-vaillancourt-san-francisco-ca/942842"
"Margaret M Oh","Marriage & Family Therapist, MA","","","","true","CA","https://www.psychologytoday.com/us/therapists/margaret-m-oh-san-francisco-ca/1186857"
"Cynthia Rumford-Jones","Clinical Social Work/Therapist, MSW, LCSW","","","","true","CA","https://www.psychologytoday.com/us/therapists/cynthia-rumford-jones-san-francisco-ca/1609315"
"Erika Maruyama","Marriage & Family Therapist, LMFT","","","","true","CA","https://www.psychologytoday.com/us/therapists/erika-maruyama-san-francisco-ca/1463692"
"Holly N Kirth","Marriage & Family Therapist, LMFT, MA, ME","","","","true","CA","https://www.psychologytoday.com/us/therapists/holly-n-kirth-san-francisco-ca/428015"
"Makenzie Gilliam","Marriage & Family Therapist, LMFT","","","","true","CA","https://www.psychologytoday.com/us/therapists/makenzie-gilliam-san-diego-ca/885143"
"Bradley Damon","Marriage & Family Therapist Associate, EdS, AMFT","San Diego","92108","","","CA","https://www.psychologytoday.com/us/therapists/bradley-damon-san-diego-ca/1710943"
"Chelsea Conrady","Clinical Social Work/Therapist, LCSW","","","","true","CA","https://www.psychologytoday.com/us/therapists/chelsea-conrady-san-diego-ca/1538842"
"Maria Irigaray","Marriage & Family Therapist, LMFT","San Diego","92122","","","CA","https://www.psychologytoday.com/us/therapists/maria-irigaray-san-diego-ca/1710066"
"Dr. Kasey Marsh","Marriage & Family Therapist, LMFT","","","","true","CA","https://www.psychologytoday.com/us/therapists/kasey-marsh-san-diego-ca/1786613"
"Ixchel Carolina Solorzano","Marriage & Family Therapist, MA, PhD, LMFT","San Diego","92116","","","CA","https://www.psychologytoday.com/us/therapists/ixchel-carolina-solorzano-san-diego-ca/1350045"
"Phuong Quach","Marriage & Family Therapist, LMFT","San Diego","92108","","","CA","https://www.psychologytoday.com/us/therapists/phuong-quach-san-diego-ca/1102714"
"Shiva Ghaed","Psychologist, PhD, MPH, ABPP","","","","true","CA","https://www.psychologytoday.com/us/therapists/shiva-ghaed-san-diego-ca/200379"
"Carly Zomick","Marriage & Family Therapist, MA, LMFT","","","","true","CA","https://www.psychologytoday.com/us/therapists/carly-zomick-san-diego-ca/864607"
"Stephen Scherer","Psychologist, EdD","San Diego","92108","","","CA","https://www.psychologytoday.com/us/therapists/stephen-scherer-san-diego-ca/114306"
"Jo Jo Lee","Licensed Professional Counselor, LPCC, LPC, NCC","","","","true","CA","https://www.psychologytoday.com/us/therapists/jo-jo-lee-san-diego-ca/1469785"
"Anna Jean Berman","Marriage & Family Therapist, LMFT, PsyD, RPT","San Diego","92131","","","CA","https://www.psychologytoday.com/us/therapists/anna-jean-berman-san-diego-ca/396438"
"Roxanne Garza","Marriage & Family Therapist, LMFT","","","","true","CA","https://www.psychologytoday.com/us/therapists/roxanne-garza-san-diego-ca/1371860"
"Brandon Freeman","Licensed Professional Counselor, LPC","San Diego","92128","","","CA","https://www.psychologytoday.com/us/therapists/brandon-freeman-san-diego-ca/1651535"
"Leslie Rennick","Marriage & Family Therapist, MA, LMFT","San Diego","92108","","","CA","https://www.psychologytoday.com/us/therapists/leslie-rennick-san-diego-ca/216255"
"Mary Kay Hunyady","Psychologist, PsyD, MA, MEd","","","","true","CA","https://www.psychologytoday.com/us/therapists/mary-kay-hunyady-san-diego-ca/46997"
"Alcohol Detox San Diego | Drug Rehabs San Diego","Drug & Alcohol Counselor, RADT","San Diego","92101","","","CA","https://www.psychologytoday.com/us/therapists/alcohol-detox-san-diego-drug-rehabs-san-diego-san-diego-ca/707570"
"Kayla Clark","Psychologist, PsyD","","","","true","CA","https://www.psychologytoday.com/us/therapists/kayla-clark-san-diego-ca/1803442"
"Kristina Sandler Reynosa","Marriage & Family Therapist, LMFT, MA","San Diego","92101","","","CA","https://www.psychologytoday.com/us/therapists/kristina-sandler-reynosa-san-diego-ca/1607430"
"Amy Eisenhower-Omholt","Marriage & Family Therapist, LMFT","San Diego","92110","","","CA","https://www.psychologytoday.com/us/therapists/amy-eisenhower-omholt-san-diego-ca/1230676"
"Colleen Auth","Clinical Social Work/Therapist, LCSW","San Diego","92108","","","CA","https://www.psychologytoday.com/us/therapists/colleen-auth-san-diego-ca/113235"
"Delya Rahmani","Clinical Social Work/Therapist, LCSW, PPS, CDPT","San Diego","92108","","","CA","https://www.psychologytoday.com/us/therapists/delya-rahmani-san-diego-ca/809355"
"Help Therapy | Mental Health Services","Psychologist, PsyD, LCSW, LMFT, NP, PNP","San Diego","92103","","","CA","https://www.psychologytoday.com/us/therapists/help-therapy-mental-health-services-san-diego-ca/395661"
"Lucia Olson","Marriage & Family Therapist, LMFT","","","","true","CA","https://www.psychologytoday.com/us/therapists/lucia-olson-san-diego-ca/1598297"
"Ryan Buchmann","Marriage & Family Therapist, MA, MFT, CADC-II","","","","true","CA","https://www.psychologytoday.com/us/therapists/ryan-buchmann-san-diego-ca/340030"
"CA OCD and Anxiety Psychologists","Psychologist, PhD","San Diego","92108","","","CA","https://www.psychologytoday.com/us/therapists/ca-ocd-and-anxiety-psychologists-san-diego-ca/1269006"
"Center for Fertility Counseling, Dawn R. Galbo","Clinical Social Work/Therapist, LCSW","San Diego","92108","","true","CA","https://www.psychologytoday.com/us/therapists/center-for-fertility-counseling-dawn-r-galbo-san-diego-ca/159650"
"Hector Estrada","Clinical Social Work/Therapist, LCSW","","","","true","CA","https://www.psychologytoday.com/us/therapists/hector-estrada-san-diego-ca/1055015"
"Kimberly Lauro","Psychologist, PhD","San Diego","92130","","","CA","https://www.psychologytoday.com/us/therapists/kimberly-lauro-san-diego-ca/320408"
"Erica Carter","Licensed Professional Clinical Counselor, LPCC","","","","true","CA","https://www.psychologytoday.com/us/therapists/erica-carter-san-diego-ca/1808817"
"Sherri Ardekani","Clinical Social Work/Therapist, LCSW","","","","true","CA","https://www.psychologytoday.com/us/therapists/sherri-ardekani-san-diego-ca/1706707"
"Victoria Taylor","Marriage & Family Therapist, LMFT","","","","true","CA","https://www.psychologytoday.com/us/therapists/victoria-taylor-san-diego-ca/1774893"
"Clarie Deierhoi-Clark","Psychologist, PhD","San Diego","92101","","","CA","https://www.psychologytoday.com/us/therapists/clarie-deierhoi-clark-san-diego-ca/1600488"
"Elijah Monsivais","Licensed Professional Counselor, MA, LPC","","","","true","CA","https://www.psychologytoday.com/us/therapists/elijah-monsivais-san-diego-ca/465026"
"Jeongmi Moon","Psychologist, PhD","San Diego","92126","","","CA","https://www.psychologytoday.com/us/therapists/jeongmi-moon-san-diego-ca/1076451"
"Christopher Booth","Psychologist, Psy D","","","","true","CA","https://www.psychologytoday.com/us/therapists/christopher-booth-san-diego-ca/491632"
"Shaina Dyas-Garcia","Marriage & Family Therapist, LMFT","","","","true","CA","https://www.psychologytoday.com/us/therapists/shaina-dyas-garcia-san-diego-ca/1705113"
"Jennifer Pearlman","Licensed Professional Counselor, LPC, MA, NCC, LPCC, CA & NJ","San Diego","92101","","","CA","https://www.psychologytoday.com/us/therapists/jennifer-pearlman-san-diego-ca/294571"
"Dr. Lynn Lunceford, Forensic Psychologist","Psychologist, PsyD","San Diego","92103","","","CA","https://www.psychologytoday.com/us/therapists/dr-lynn-lunceford-forensic-psychologist-san-diego-ca/60359"
"Alicia Lee Fong - Espacio Therapy","Marriage & Family Therapist, LMFT","San Diego","92104","","","CA","https://www.psychologytoday.com/us/therapists/alicia-lee-fong-espacio-therapy-san-diego-ca/991944"
"Deniz Firat","Marriage & Family Therapist Associate, AMFT","","","","true","CA","https://www.psychologytoday.com/us/therapists/deniz-firat-san-jose-ca/1591693"
"Christine Kortenhoeven","Marriage & Family Therapist, MS, LMFT","","","","true","CA","https://www.psychologytoday.com/us/therapists/christine-kortenhoeven-san-jose-ca/1602952"
"R Marcia Vasconcellos","Psychologist, PhD","San Jose","95119","","","CA","https://www.psychologytoday.com/us/therapists/r-marcia-vasconcellos-san-jose-ca/80797"
"Kay (Khatoun) Nourallahi","Marriage & Family Therapist Associate, AMFT","San Jose","95126","","","CA","https://www.psychologytoday.com/us/therapists/kay-khatoun-nourallahi-san-jose-ca/880112"
"Armando Francisco Luna-Medina","Marriage & Family Therapist Associate, MA, LMFT","San Jose","95124","","","CA","https://www.psychologytoday.com/us/therapists/armando-francisco-luna-medina-san-jose-ca/971592"
"Dr. Kelsey Smoker Baker","Psychologist, PsyD","","","","true","CA","https://www.psychologytoday.com/us/therapists/kelsey-smoker-baker-san-jose-ca/930570"
"Tameka Medley","Clinical Social Work/Therapist, LCSW, CHHC","San Jose","95126","","","CA","https://www.psychologytoday.com/us/therapists/tameka-medley-san-jose-ca/135934"
"Emma Reyes-Ramirez","Clinical Social Work/Therapist, LCSW","San Jose","95126","","","CA","https://www.psychologytoday.com/us/therapists/emma-reyes-ramirez-san-jose-ca/359666"
"Devin Peck","","","","","true","CA","https://www.psychologytoday.com/us/therapists/devin-peck-san-jose-ca/1546874"
"Tara Huff","Clinical Social Work/Therapist, LCSW","","","","true","CA","https://www.psychologytoday.com/us/therapists/tara-huff-san-jose-ca/1760767"
"Lynn Kitajima","Marriage & Family Therapist, MA, LMFT","","","","true","CA","https://www.psychologytoday.com/us/therapists/lynn-kitajima-san-jose-ca/382094"
"Kylie Duty","Marriage & Family Therapist, LMFT","San Jose","95118","","","CA","https://www.psychologytoday.com/us/therapists/kylie-duty-san-jose-ca/1122903"
"Psychological Immigration Evaluation, LMFT","Marriage & Family Therapist, LMFT","","","","true","CA","https://www.psychologytoday.com/us/therapists/psychological-immigration-evaluation-lmft-san-jose-ca/305280"
"Diane Patton Gaither","Marriage & Family Therapist, MA, LMFT, CEDS","San Jose","95124","","","CA","https://www.psychologytoday.com/us/therapists/diane-patton-gaither-san-jose-ca/100726"
"Blossom Valley Counseling","Marriage & Family Therapist, LMFT","San Jose","95123","","","CA","https://www.psychologytoday.com/us/therapists/blossom-valley-counseling-san-jose-ca/1314275"
"Access Mental Health, Inc","Marriage & Family Therapist, LMFT, LCSW, LPCC, MD","San Jose","95123","","","CA","https://www.psychologytoday.com/us/therapists/access-mental-health-inc-san-jose-ca/895831"
"Christine Tronge, LCSW","Clinical Social Work/Therapist, LCSW","San Jose","95126","","","CA","https://www.psychologytoday.com/us/therapists/christine-tronge-lcsw-san-jose-ca/295721"
"Elizabeth Louise Higgins","Clinical Social Work/Therapist, LCSW","San Jose","95126","","","CA","https://www.psychologytoday.com/us/therapists/elizabeth-louise-higgins-san-jose-ca/835874"
"Chun Lin","Marriage & Family Therapist Associate, MA, AMFT, APCC","San Jose","95129","","","CA","https://www.psychologytoday.com/us/therapists/chun-lin-san-jose-ca/1399052"
"Sonia Gomez","Marriage & Family Therapist, LMFT","","","","true","CA","https://www.psychologytoday.com/us/therapists/sonia-gomez-san-jose-ca/1798602"
"Clint Pyeatt","Marriage & Family Therapist Associate","Sacramento","95825","","","CA","https://www.psychologytoday.com/us/therapists/clint-pyeatt-sacramento-ca/1197528"
"Robey Clark Patrick","Marriage & Family Therapist, LMFT","Sacramento","95811","","","CA","https://www.psychologytoday.com/us/therapists/robey-clark-patrick-sacramento-ca/1189890"
"David Clark","Marriage & Family Therapist, MA","","","","true","CA","https://www.psychologytoday.com/us/therapists/david-clark-sacramento-ca/115185"
"Mary K Williamson","Clinical Social Work/Therapist, MSW, LCSW","Sacramento","95864","","","CA","https://www.psychologytoday.com/us/therapists/mary-k-williamson-sacramento-ca/89456"
"Shawns Space","Clinical Social Work/Therapist, LCSW","","","","true","CA","https://www.psychologytoday.com/us/therapists/shawns-space-sacramento-ca/1816189"
"Sarina Sandoval","Clinical Social Work/Therapist, LCSW, PMH-C","","","","true","CA","https://www.psychologytoday.com/us/therapists/sarina-sandoval-sacramento-ca/1513142"
"Jenna Ramirez-Kirgan","Marriage & Family Therapist, LMFT, MA","Sacramento","95821","","","CA","https://www.psychologytoday.com/us/therapists/jenna-ramirez-kirgan-sacramento-ca/1246874"
"Vanessa Hernandez","Clinical Social Work/Therapist, LCSW","","","","true","CA","https://www.psychologytoday.com/us/therapists/vanessa-hernandez-sacramento-ca/1592940"
"Julia Hadricky","Psychologist, PsyD","Sacramento","95827","","","CA","https://www.psychologytoday.com/us/therapists/julia-hadricky-sacramento-ca/253839"
"Autumn Williams-Hertz","Marriage & Family Therapist, LMFT","","","","true","CA","https://www.psychologytoday.com/us/therapists/autumn-williams-hertz-sacramento-ca/984743"
"Amanda Whitten","Licensed Professional Clinical Counselor, MA, CCTP, LPCC","Sacramento","95821","","","CA","https://www.psychologytoday.com/us/therapists/amanda-whitten-sacramento-ca/898596"
"Caitlyn Paulson","Marriage & Family Therapist, LMFT","","","","true","CA","https://www.psychologytoday.com/us/therapists/caitlyn-paulson-sacramento-ca/1235270"
"Avery DiMario (Norsby)","Marriage & Family Therapist, MA, LMFT","Sacramento","95864","","","CA","https://www.psychologytoday.com/us/therapists/avery-dimario-norsby-sacramento-ca/1199194"
"Michael Anthony Nevans","Marriage & Family Therapist, MA, LMFT","","","","true","CA","https://www.psychologytoday.com/us/therapists/michael-anthony-nevans-sacramento-ca/807216"
"Amineh Helalian","Marriage & Family Therapist Associate, MS, AMFT, APCC","Sacramento","95816","","","CA","https://www.psychologytoday.com/us/therapists/amineh-helalian-sacramento-ca/1180632"
"Meighan Einsel","Clinical Social Work/Therapist, LCSW, MSW","Sacramento","95827","","","CA","https://www.psychologytoday.com/us/therapists/meighan-einsel-sacramento-ca/1342072"
"Megan Sommers","Marriage & Family Therapist, LMFT","","","","true","CA","https://www.psychologytoday.com/us/therapists/megan-sommers-sacramento-ca/1522788"
"Kim Jones","Marriage & Family Therapist, MFT","","","","true","CA","https://www.psychologytoday.com/us/therapists/kim-jones-sacramento-ca/180187"
"Dr. Andie Tran","Marriage & Family Therapist, DMFT, LMFT","","","","true","CA","https://www.psychologytoday.com/us/therapists/andie-tran-sacramento-ca/887218"
"Myleka Garnett","Marriage & Family Therapist, LMFT, LPCC","","","","true","CA","https://www.psychologytoday.com/us/therapists/myleka-garnett-sacramento-ca/1775945"
"James Wagner","Marriage & Family Therapist, LMFT, LPCC","Oakland","94611","","","CA","https://www.psychologytoday.com/us/therapists/james-wagner-oakland-ca/928980"
"Christina Pascarzi","Psychologist, PsyD, MA","Oakland","94618","","","CA","https://www.psychologytoday.com/us/therapists/christina-pascarzi-oakland-ca/255338"
"Ashley Mika Decena","Clinical Social Work/Therapist, LCSW, PPSC","","","","true","CA","https://www.psychologytoday.com/us/therapists/ashley-mika-decena-oakland-ca/728699"
"Robin Furner","Marriage & Family Therapist, MFT","Oakland","94611","","","CA","https://www.psychologytoday.com/us/therapists/robin-furner-oakland-ca/338535"
"Hall McCann","Clinical Social Work/Therapist, LCSW","Oakland","94618","","","CA","https://www.psychologytoday.com/us/therapists/hall-mccann-oakland-ca/398532"
"Laila Villaume","Clinical Social Work/Therapist, LCSW","Oakland","94610","","","CA","https://www.psychologytoday.com/us/therapists/laila-villaume-oakland-ca/882169"
"Christina Dinh","Marriage & Family Therapist, LMFT","","","","true","CA","https://www.psychologytoday.com/us/therapists/christina-dinh-oakland-ca/1814704"
"Craig Metz","Marriage & Family Therapist, MS, LMFT","Oakland","94602","","","CA","https://www.psychologytoday.com/us/therapists/craig-metz-oakland-ca/84304"
"Ashanti Marshall","Licensed Professional Clinical Counselor, LPCC","","","","true","CA","https://www.psychologytoday.com/us/therapists/ashanti-marshall-oakland-ca/1666300"
"Rosa Wilcox, LCSW","Clinical Social Work/Therapist, LCSW, MSW","","","","true","CA","https://www.psychologytoday.com/us/therapists/rosa-wilcox-lcsw-oakland-ca/268120"
"Nathan Greene","Psychologist, PsyD","Oakland","94618","","","CA","https://www.psychologytoday.com/us/therapists/nathan-greene-oakland-ca/406827"
"Anna Darvin Hirsch","Marriage & Family Therapist, MS, LMFT","Oakland","94605","","","CA","https://www.psychologytoday.com/us/therapists/anna-darvin-hirsch-oakland-ca/365594"
"Dr. Lesley A. Parke","Psychologist, PhD","Oakland","94601","","","CA","https://www.psychologytoday.com/us/therapists/dr-lesley-a-parke-oakland-ca/8352"
"Cathy Berman","Marriage & Family Therapist, RNP, MFT","","","","true","CA","https://www.psychologytoday.com/us/therapists/cathy-berman-oakland-ca/158755"
"Sara Appelbaum : Brainspotting & Trauma Treatment","Marriage & Family Therapist, LMFT, LPCC","Oakland","94611","","true","CA","https://www.psychologytoday.com/us/therapists/sara-appelbaum-brainspotting-trauma-treatment-oakland-ca/869235"
"Anna Keaney","Clinical Social Work/Therapist, LCSW","","","","true","CA","https://www.psychologytoday.com/us/therapists/anna-keaney-oakland-ca/897516"
"Jenny Ireland Miller","Marriage & Family Therapist, MA, LMFT","","","","true","CA","https://www.psychologytoday.com/us/therapists/jenny-ireland-miller-oakland-ca/294547"
"East Bay Art Therapy","Art Therapist, MPS, ATR-BC, LCAT, ATCS","Oakland","94610","","","CA","https://www.psychologytoday.com/us/therapists/east-bay-art-therapy-oakland-ca/367784"
"Talia Chanoff","Marriage & Family Therapist, LMFT","Oakland","94602","","","CA","https://www.psychologytoday.com/us/therapists/talia-chanoff-oakland-ca/939653"
"Aki Rosenberg","Marriage & Family Therapist, MS, LMFT","Oakland","94609","","","CA","https://www.psychologytoday.com/us/therapists/aki-rosenberg-oakland-ca/472137"
"Kandice Moore","Licensed Professional Clinical Counselor, LPCC","","","","true","CA","https://www.psychologytoday.com/us/therapists/kandice-moore-irvine-ca/1642925"
"Joan Cantor Backer","Marriage & Family Therapist, MA, LMFT","","","","true","CA","https://www.psychologytoday.com/us/therapists/joan-cantor-backer-irvine-ca/65075"
"Jennifer N Claros","Clinical Social Work/Therapist, LCSW, MBA, CCM","","","","true","CA","https://www.psychologytoday.com/us/therapists/jennifer-n-claros-irvine-ca/1545920"
"Derek Glenn Larson","","Irvine","92612","","","CA","https://www.psychologytoday.com/us/therapists/derek-glenn-larson-irvine-ca/1803666"
"Thriveworks Counseling & Psychiatry Irvine","Clinical Social Work/Therapist","Irvine","92604","","","CA","https://www.psychologytoday.com/us/therapists/thriveworks-counseling-psychiatry-irvine-irvine-ca/1420317"
"Megan Poupard","Marriage & Family Therapist, MA, LMFT","","","","true","CA","https://www.psychologytoday.com/us/therapists/megan-poupard-irvine-ca/1009273"
"Dr. Jerry Vu","Psychologist, PsyD","Irvine","92606","","","CA","https://www.psychologytoday.com/us/therapists/jerry-vu-irvine-ca/1512247"
"Yasmine Gohar","Marriage & Family Therapist, LMFT","","","","true","CA","https://www.psychologytoday.com/us/therapists/yasmine-gohar-irvine-ca/1651575"
"Dalena Thai","Marriage & Family Therapist Associate, MS","Irvine","92614","","","CA","https://www.psychologytoday.com/us/therapists/dalena-thai-irvine-ca/1568877"
"Angela Chwe","Marriage & Family Therapist, JD Cand, ThM, LMFT","Irvine","92618","","","CA","https://www.psychologytoday.com/us/therapists/angela-chwe-irvine-ca/1077091"
"Melissa McManis, LCSW","Clinical Social Work/Therapist, LCSW","","","","true","CA","https://www.psychologytoday.com/us/therapists/melissa-mcmanis-lcsw-irvine-ca/739336"
"Linh Dang","Marriage & Family Therapist, LMFT, MS, MA","","","","true","CA","https://www.psychologytoday.com/us/therapists/linh-dang-irvine-ca/392584"
"Melissa Sadikoff","Clinical Social Work/Therapist, LCSW","","","","true","CA","https://www.psychologytoday.com/us/therapists/melissa-sadikoff-irvine-ca/1430564"
"Jennifer Reimer","Marriage & Family Therapist, MS, LMFT","","","","true","CA","https://www.psychologytoday.com/us/therapists/jennifer-reimer-irvine-ca/1019853"
"Sarah Wuu","Clinical Social Work/Therapist, LCSW","","","","true","CA","https://www.psychologytoday.com/us/therapists/sarah-wuu-irvine-ca/985886"
"Dr. Rachel Tobi","Psychologist, PsyD","","","","true","CA","https://www.psychologytoday.com/us/therapists/rachel-tobi-irvine-ca/944347"
"Tamera Wilson","Psychologist, PsyD","","","","true","CA","https://www.psychologytoday.com/us/therapists/tamera-wilson-irvine-ca/1276764"
"Pamela Kaneshiro","Marriage & Family Therapist, LMFT","","","","true","CA","https://www.psychologytoday.com/us/therapists/pamela-kaneshiro-irvine-ca/1258969"
"Grant Seo","Psychologist, PsyD","","","","true","CA","https://www.psychologytoday.com/us/therapists/grant-seo-irvine-ca/849449"
"April Lota","Clinical Social Work/Therapist, LCSW","","","","true","CA","https://www.psychologytoday.com/us/therapists/april-lota-irvine-ca/1281531"
"Kenneth T Wang","Psychologist, PhD","Pasadena","91101","","","CA","https://www.psychologytoday.com/us/therapists/kenneth-t-wang-pasadena-ca/263751"
"Emily Morales","Marriage & Family Therapist, LMFT","","","","true","CA","https://www.psychologytoday.com/us/therapists/emily-morales-pasadena-ca/1003442"
"Dr. Jenny Heetderks","Psychologist, PsyD","Pasadena","91101","","","CA","https://www.psychologytoday.com/us/therapists/jenny-heetderks-pasadena-ca/1002522"
"Stephanie Howard","Clinical Social Work/Therapist, LCSW","","","","true","CA","https://www.psychologytoday.com/us/therapists/stephanie-howard-pasadena-ca/1181774"
"Brendan Bedolla","Licensed Professional Clinical Counselor, MA, LPCC","","","","true","CA","https://www.psychologytoday.com/us/therapists/brendan-bedolla-pasadena-ca/1830222"
"Dr. Myles Allen","Marriage & Family Therapist, PhD","","","","true","CA","https://www.psychologytoday.com/us/therapists/myles-allen-pasadena-ca/761850"
"Darlene Dickie","Marriage & Family Therapist Associate, AMFT","Pasadena","91101","","","CA","https://www.psychologytoday.com/us/therapists/darlene-dickie-pasadena-ca/1387546"
"Bethany Kenyon Miertschin","Marriage & Family Therapist Associate, AMFT","Pasadena","91101","","","CA","https://www.psychologytoday.com/us/therapists/bethany-kenyon-miertschin-pasadena-ca/1301139"
"Jesse Bernal","Marriage & Family Therapist, LMFT","","","","true","CA","https://www.psychologytoday.com/us/therapists/jesse-bernal-pasadena-ca/226455"
"Amalya Tagakchyan","Clinical Social Work/Therapist, LCSW, PMH-C","","","","true","CA","https://www.psychologytoday.com/us/therapists/amalya-tagakchyan-pasadena-ca/1135459"
"Michaela McCloud - NOCD","Clinical Social Work/Therapist, LCSW","","","","true","CA","https://www.psychologytoday.com/us/therapists/michaela-mccloud-nocd-pasadena-ca/1342628"
"Christina Lucey-Ventura","Marriage & Family Therapist, MA, LMFT","","","","true","CA","https://www.psychologytoday.com/us/therapists/christina-lucey-ventura-pasadena-ca/1594128"
"Mariana Estrada","Clinical Social Work/Therapist, LCSW","Pasadena","91101","","","CA","https://www.psychologytoday.com/us/therapists/mariana-estrada-pasadena-ca/903019"
"Leslie Suzanne Ortiz Montenegro","Clinical Social Work/Therapist, LCSW","","","","true","CA","https://www.psychologytoday.com/us/therapists/leslie-suzanne-ortiz-montenegro-pasadena-ca/1377451"
"Ana Zalles","Marriage & Family Therapist, LMFT","","","","true","CA","https://www.psychologytoday.com/us/therapists/ana-zalles-pasadena-ca/1103059"
"Hanna Yi","Marriage & Family Therapist, LMFT","","","","true","CA","https://www.psychologytoday.com/us/therapists/hanna-yi-pasadena-ca/1157914"
"Julia Wolfe","Marriage & Family Therapist Associate, AMFT","Pasadena","91123","","","CA","https://www.psychologytoday.com/us/therapists/julia-wolfe-pasadena-ca/1576925"
"Maggie Shackelford","Clinical Social Work/Therapist, LCSW, PMH-C","Pasadena","91103","","","CA","https://www.psychologytoday.com/us/therapists/maggie-shackelford-pasadena-ca/1049236"
"Grace Sun Kim","Marriage & Family Therapist, LMFT","Pasadena","91101","","","CA","https://www.psychologytoday.com/us/therapists/grace-sun-kim-pasadena-ca/1798142"
"Julia Callas","Marriage & Family Therapist Associate, AMFT","","","","true","CA","https://www.psychologytoday.com/us/therapists/julia-callas-pasadena-ca/1777965"
"Selah Vie Therapy","Psychologist, PsyD","Berkeley","94704","","","CA","https://www.psychologytoday.com/us/therapists/selah-vie-therapy-berkeley-ca/373298"
"Abigail Johal, PsyD","Psychologist, PsyD","Berkeley","94705","","","CA","https://www.psychologytoday.com/us/therapists/abigail-johal-psyd-berkeley-ca/895515"
"Brandon Worden","Marriage & Family Therapist, LMFT","Berkeley","94705","","","CA","https://www.psychologytoday.com/us/therapists/brandon-worden-berkeley-ca/336010"
"Sierra Flynn","Marriage & Family Therapist, LMFT, EMDR, IFS","Berkeley","94704","","","CA","https://www.psychologytoday.com/us/therapists/sierra-flynn-berkeley-ca/1689645"
"Kim Hraca","Marriage & Family Therapist","Berkeley","94705","","","CA","https://www.psychologytoday.com/us/therapists/kim-hraca-berkeley-ca/42602"
"Dr. Chehrzad Shadman","Psychologist, PsyD","Berkeley","94709","","","CA","https://www.psychologytoday.com/us/therapists/chehrzad-shadman-berkeley-ca/723715"
"Nicole Otis","Marriage & Family Therapist, MA, LMFT, CSAT","","","","true","CA","https://www.psychologytoday.com/us/therapists/nicole-otis-berkeley-ca/371632"
"Malachi Gillihan","","Berkeley","94707","","","CA","https://www.psychologytoday.com/us/therapists/malachi-gillihan-berkeley-ca/1404516"
"Jennine Markiewicz","Marriage & Family Therapist, LMFT","","","","true","CA","https://www.psychologytoday.com/us/therapists/jennine-markiewicz-berkeley-ca/1499985"
"Emily Clark","Clinical Social Work/Therapist, LCSW","Berkeley","94704","","","CA","https://www.psychologytoday.com/us/therapists/emily-clark-berkeley-ca/1469719"
"Alicia Moore","Psychologist, PsyD","Berkeley","94710","","","CA","https://www.psychologytoday.com/us/therapists/alicia-moore-berkeley-ca/996567"
"Heather Schrag","Marriage & Family Therapist, LMFT","","","","true","CA","https://www.psychologytoday.com/us/therapists/heather-schrag-berkeley-ca/1282034"
"Tawny Holt","Marriage & Family Therapist, LMFT","Berkeley","94707","","","CA","https://www.psychologytoday.com/us/therapists/tawny-holt-berkeley-ca/940852"
"Darren Rafel","Clinical Social Work/Therapist, LCSW","","","","true","CA","https://www.psychologytoday.com/us/therapists/darren-rafel-berkeley-ca/1618679"
"Gabrielle Bodzin","Clinical Social Work/Therapist, LCSW","Berkeley","94708","","","CA","https://www.psychologytoday.com/us/therapists/gabrielle-bodzin-berkeley-ca/494964"
"Luba Palter","Marriage & Family Therapist, MS, MFT","","","","true","CA","https://www.psychologytoday.com/us/therapists/luba-palter-berkeley-ca/141022"
"Dr. Lindsay Fulton","Psychologist, PsyD","Berkeley","94704","","","CA","https://www.psychologytoday.com/us/therapists/lindsay-fulton-berkeley-ca/1263311"
"Patti Wiley","Marriage & Family Therapist, MFT, PhD","","","","true","CA","https://www.psychologytoday.com/us/therapists/patti-wiley-berkeley-ca/206824"
"David Thanos Heliotis","Licensed Professional Counselor, MA, LPCC","Berkeley","94703","","","CA","https://www.psychologytoday.com/us/therapists/david-thanos-heliotis-berkeley-ca/805786"
"Magnolia Cedeno Moreno","Clinical Social Work/Therapist, LCSW","","","","true","CA","https://www.psychologytoday.com/us/therapists/magnolia-cedeno-moreno-berkeley-ca/1712120"
"Rachel Sillman","Marriage & Family Therapist, MA, LMFT","Santa Monica","90405","","","CA","https://www.psychologytoday.com/us/therapists/rachel-sillman-santa-monica-ca/921716"
"Kevin Boyd","Clinical Social Work/Therapist, LCSW","","","","true","CA","https://www.psychologytoday.com/us/therapists/kevin-boyd-santa-monica-ca/830821"
"Rishelle Maman","Clinical Social Work/Therapist, MSW, LCSW","","","","true","CA","https://www.psychologytoday.com/us/therapists/rishelle-maman-santa-monica-ca/806138"
"Hae Lee","Marriage & Family Therapist Associate, MA, EMDR","Santa Monica","90403","","","CA","https://www.psychologytoday.com/us/therapists/hae-lee-santa-monica-ca/1422672"
"Ben Digati","","Santa Monica","90403","","","CA","https://www.psychologytoday.com/us/therapists/ben-digati-santa-monica-ca/335792"
"Liz Corpstein","Marriage & Family Therapist, MA, LMFT","","","","true","CA","https://www.psychologytoday.com/us/therapists/liz-corpstein-santa-monica-ca/255849"
"Patrick Dickey","Marriage & Family Therapist, LMFT","","","","true","CA","https://www.psychologytoday.com/us/therapists/patrick-dickey-santa-monica-ca/1428698"
"Ashley Bernal","Marriage & Family Therapist, LMFT","","","","true","CA","https://www.psychologytoday.com/us/therapists/ashley-bernal-santa-monica-ca/1013349"
"Neuro-Somatic Therapy - Parvin Naficy, Psy D.","Marriage & Family Therapist, MA, LMFT","Santa Monica","90405","","true","CA","https://www.psychologytoday.com/us/therapists/neuro-somatic-therapy-parvin-naficy-psy-d-santa-monica-ca/111198"
"Lindsay Garvey","Marriage & Family Therapist, LMFT","","","","true","CA","https://www.psychologytoday.com/us/therapists/lindsay-garvey-santa-monica-ca/855176"
"Darcy Lubbers","Marriage & Family Therapist, PhD, MFT, ATR-BC","Santa Monica","90405","","","CA","https://www.psychologytoday.com/us/therapists/darcy-lubbers-santa-monica-ca/77969"
"Reed Farrer","Marriage & Family Therapist, MA, LMFT","Santa Monica","90401","","","CA","https://www.psychologytoday.com/us/therapists/reed-farrer-santa-monica-ca/450316"
"Neda Azar","Marriage & Family Therapist, MA, LMFT, APCC, EMDRIA","Santa Monica","90405","","","CA","https://www.psychologytoday.com/us/therapists/neda-azar-santa-monica-ca/1077123"
"Emma Feitshans","Marriage & Family Therapist, LMFT, NY/ CA","","","","true","CA","https://www.psychologytoday.com/us/therapists/emma-feitshans-santa-monica-ca/1064770"
"Life After Birth","Marriage & Family Therapist, LMFT, AMFT, ASW","Santa Monica","90404","","","CA","https://www.psychologytoday.com/us/therapists/life-after-birth-santa-monica-ca/1662095"
"Emily Polak","Psychologist, PhD","","","","true","CA","https://www.psychologytoday.com/us/therapists/emily-polak-santa-monica-ca/907359"
"Cheryl B Lanktree","Psychologist, PhD","Santa Monica","90403","","","CA","https://www.psychologytoday.com/us/therapists/cheryl-b-lanktree-santa-monica-ca/80367"
"Sydney Shaevel","Marriage & Family Therapist, LMFT","","","","true","CA","https://www.psychologytoday.com/us/therapists/sydney-shaevel-santa-monica-ca/1594297"
"Maryann Newsom","Marriage & Family Therapist, LMFT, CSTIP , CCTP, ASDCS","","","","true","CA","https://www.psychologytoday.com/us/therapists/maryann-newsom-santa-monica-ca/1158960"
"Ekaterini Constantine","Marriage & Family Therapist, MA, LMFT, EMDR","Santa Monica","90405","","","CA","https://www.psychologytoday.com/us/therapists/ekaterini-constantine-santa-monica-ca/360512"
"Nicole Redzic","Psychologist, PsyD","Palo Alto","94301","","","CA","https://www.psychologytoday.com/us/therapists/nicole-redzic-palo-alto-ca/189409"
"Luisa Montaini-Klovdahl","Psychologist, PhD","Palo Alto","94306","","","CA","https://www.psychologytoday.com/us/therapists/luisa-montaini-klovdahl-palo-alto-ca/216775"
"Maral Malekian","Marriage & Family Therapist, LMFT","","","","true","CA","https://www.psychologytoday.com/us/therapists/maral-malekian-palo-alto-ca/1080869"
"Maggie Wang","Psychologist, PsyD","","","","true","CA","https://www.psychologytoday.com/us/therapists/maggie-wang-palo-alto-ca/1058894"
"Liz Dietrich","Clinical Social Work/Therapist, LCSW","Palo Alto","94303","","","CA","https://www.psychologytoday.com/us/therapists/liz-dietrich-palo-alto-ca/917972"
"Rebecca Good","Psychologist, PsyD","Palo Alto","94306","","","CA","https://www.psychologytoday.com/us/therapists/rebecca-good-palo-alto-ca/788240"
"Jennifer Estes","Clinical Social Work/Therapist, LCSW","","","","true","CA","https://www.psychologytoday.com/us/therapists/jennifer-estes-palo-alto-ca/1065524"
"Ross Edward Farley","Marriage & Family Therapist, LMFT","","","","true","CA","https://www.psychologytoday.com/us/therapists/ross-edward-farley-palo-alto-ca/1021723"
"Jaime Bercuson","Psychologist, PsyD","","","","true","CA","https://www.psychologytoday.com/us/therapists/jaime-bercuson-palo-alto-ca/1598899"
"Sonia Kakkar","Clinical Social Work/Therapist, LCSW","","","","true","CA","https://www.psychologytoday.com/us/therapists/sonia-kakkar-palo-alto-ca/1147887"
"Erica Campos","Marriage & Family Therapist Associate","","","","true","CA","https://www.psychologytoday.com/us/therapists/erica-campos-palo-alto-ca/1672552"
"Dana Hartman-Ngaloafe","Marriage & Family Therapist, MA, LMFT","Palo Alto","94306","","","CA","https://www.psychologytoday.com/us/therapists/dana-hartman-ngaloafe-palo-alto-ca/411387"
"Jacqueline Kao","Clinical Social Work/Therapist, LCSW","","","","true","CA","https://www.psychologytoday.com/us/therapists/jacqueline-kao-palo-alto-ca/998285"
"Psychological Testing & Evaluations - Dr. Dean","Psychologist, PsyD, QME, Author","Palo Alto","94301","","","CA","https://www.psychologytoday.com/us/therapists/psychological-testing-evaluations-dr-dean-palo-alto-ca/344286"
"Kristene Hossepian","Psychologist, PsyD","Palo Alto","94306","","","CA","https://www.psychologytoday.com/us/therapists/kristene-hossepian-palo-alto-ca/947043"
"Shakeh Galstian","Marriage & Family Therapist, MS, LMFT","","","","true","CA","https://www.psychologytoday.com/us/therapists/shakeh-galstian-palo-alto-ca/990915"
"Cecilia Ding","Marriage & Family Therapist Associate, EFT, EMDR, IFS, SexEd, Somatic","","","","true","CA","https://www.psychologytoday.com/us/therapists/cecilia-ding-palo-alto-ca/1079797"
"Jake R. Kelman","Psychologist, PsyD","Palo Alto","94301","","","CA","https://www.psychologytoday.com/us/therapists/jake-r-kelman-palo-alto-ca/311419"
"Karen Elizabeth Otte","Psychologist, PsyD","Palo Alto","94301","","","CA","https://www.psychologytoday.com/us/therapists/karen-elizabeth-otte-palo-alto-ca/73227"
"Michelle L Eisenberg","Psychologist, PhD","","","","true","CA","https://www.psychologytoday.com/us/therapists/michelle-l-eisenberg-palo-alto-ca/477575"
"Miyuki Kanda","Marriage & Family Therapist, MA, LMFT, BC-DMT","Long Beach","90803","","","CA","https://www.psychologytoday.com/us/therapists/miyuki-kanda-long-beach-ca/279279"
"Guadalupe Herrera","Psychologist, LCP","","","","true","CA","https://www.psychologytoday.com/us/therapists/guadalupe-herrera-long-beach-ca/1536354"
"Sherri Tanferani","Psychologist, PhD","","","","true","CA","https://www.psychologytoday.com/us/therapists/sherri-tanferani-long-beach-ca/229690"
"Elliott H Maruffi-Cowley","Clinical Social Work/Therapist, LCSW","","","","true","CA","https://www.psychologytoday.com/us/therapists/elliott-h-maruffi-cowley-long-beach-ca/141082"
"Daniel Brezenoff","Clinical Social Work/Therapist, LCSW","","","","true","CA","https://www.psychologytoday.com/us/therapists/daniel-brezenoff-long-beach-ca/1264927"
"Cherrie-Ann Simon","Marriage & Family Therapist, LMFT","","","","true","CA","https://www.psychologytoday.com/us/therapists/cherrie-ann-simon-long-beach-ca/1034684"
"Virginia Purnell","Clinical Social Work/Therapist, LCSW","","","","true","CA","https://www.psychologytoday.com/us/therapists/virginia-purnell-long-beach-ca/1791816"
"Bahar Amini","","Long Beach","90745","","","CA","https://www.psychologytoday.com/us/therapists/bahar-amini-long-beach-ca/1728522"
"Amie Aguilar","Marriage & Family Therapist, LMFT","","","","true","CA","https://www.psychologytoday.com/us/therapists/amie-aguilar-long-beach-ca/1364352"
"Jessica Knott","Marriage & Family Therapist, LMFT","Long Beach","90802","","","CA","https://www.psychologytoday.com/us/therapists/jessica-knott-long-beach-ca/1282540"
"Gail Billings-Beck","Marriage & Family Therapist, PhD, LMFT","Long Beach","90803","","","CA","https://www.psychologytoday.com/us/therapists/gail-billings-beck-long-beach-ca/176949"
"Eric Copeland","Clinical Social Work/Therapist, LCSW","","","","true","CA","https://www.psychologytoday.com/us/therapists/eric-copeland-long-beach-ca/1291496"
"Julie Knight","Counselor, LPCC","","","","true","CA","https://www.psychologytoday.com/us/therapists/julie-knight-long-beach-ca/1467277"
"Ryan Laverdiere","Clinical Social Work/Therapist, LCSW","Long Beach","90802","","","CA","https://www.psychologytoday.com/us/therapists/ryan-laverdiere-long-beach-ca/1721516"
"Keith McGowen","Marriage & Family Therapist, MS, LMFT","","","","true","CA","https://www.psychologytoday.com/us/therapists/keith-mcgowen-long-beach-ca/980882"
"Sarah Trank","Pre-Licensed Professional, AMFT","Long Beach","90807","","","CA","https://www.psychologytoday.com/us/therapists/sarah-trank-long-beach-ca/1591506"
"Ara Lee","Licensed Professional Clinical Counselor, LPC","Long Beach","90813","","","CA","https://www.psychologytoday.com/us/therapists/ara-lee-long-beach-ca/1003527"
"Jennifer Jackson","Marriage & Family Therapist, MA, LMFT","Long Beach","90807","","","CA","https://www.psychologytoday.com/us/therapists/jennifer-jackson-long-beach-ca/787513"
"Isaac Evan Shabat","Pre-Licensed Professional, AMFT","Long Beach","90802","","","CA","https://www.psychologytoday.com/us/therapists/isaac-evan-shabat-long-beach-ca/1806344"
"Sarah Ashley-Roa","Marriage & Family Therapist, MA, LMFT","Long Beach","90804","","","CA","https://www.psychologytoday.com/us/therapists/sarah-ashley-roa-long-beach-ca/1124866"
"Christine Chae","Clinical Social Work/Therapist, LCSW","Glendale","91203","","","CA","https://www.psychologytoday.com/us/therapists/christine-chae-glendale-ca/895923"
"George Gharibian","Psychologist, PhD, MFT","Glendale","91205","","","CA","https://www.psychologytoday.com/us/therapists/george-gharibian-glendale-ca/285018"
"Lilit Mkhitarian","Clinical Social Work/Therapist, LCSW","","","","true","CA","https://www.psychologytoday.com/us/therapists/lilit-mkhitarian-glendale-ca/1378205"
"Adriane Pippins","Clinical Social Work/Therapist, LCSW","","","","true","CA","https://www.psychologytoday.com/us/therapists/adriane-pippins-glendale-ca/1737921"
"Allie Kauffmann","Marriage & Family Therapist, LMFT","","","","true","CA","https://www.psychologytoday.com/us/therapists/allie-kauffmann-glendale-ca/1258541"
"Wenonah Washington","Marriage & Family Therapist, LMFT","","","","true","CA","https://www.psychologytoday.com/us/therapists/wenonah-washington-glendale-ca/1671285"
"Dr. Shushan Tigranyan","Psychologist, PsyD","","","","true","CA","https://www.psychologytoday.com/us/therapists/shushan-tigranyan-glendale-ca/1142912"
"Emin Issaghoulian","Marriage & Family Therapist, LMFT","","","","true","CA","https://www.psychologytoday.com/us/therapists/emin-issaghoulian-glendale-ca/1719544"
"Nancy Avanecy","Clinical Social Work/Therapist, LCSW","","","","true","CA","https://www.psychologytoday.com/us/therapists/nancy-avanecy-glendale-ca/1521079"
"Lisa Finlay","Psychologist, PhD","Glendale","91203","","","CA","https://www.psychologytoday.com/us/therapists/lisa-finlay-glendale-ca/214678"
"Lory Khoudikian","Marriage & Family Therapist, MA, LMFT, APCC","Glendale","91202","","","CA","https://www.psychologytoday.com/us/therapists/lory-khoudikian-glendale-ca/1081653"
"Ida S. Karayan","Marriage & Family Therapist, PsyD, LMFT, CBT","Glendale","91208","","","CA","https://www.psychologytoday.com/us/therapists/ida-s-karayan-glendale-ca/45202"
"Madeleine Sayegh","Marriage & Family Therapist, MS, LMFT","Glendale","91203","","","CA","https://www.psychologytoday.com/us/therapists/madeleine-sayegh-glendale-ca/355066"
"Edward Kudaverdian","","Glendale","91202","","","CA","https://www.psychologytoday.com/us/therapists/edward-kudaverdian-glendale-ca/382903"
"Mending Souls Counseling Center","Marriage & Family Therapist, MA, LMFT","","","","true","CA","https://www.psychologytoday.com/us/therapists/mending-souls-counseling-center-glendale-ca/287608"
"Britney Holthouser","Marriage & Family Therapist, LMFT, MA, MS","Glendale","91208","","","CA","https://www.psychologytoday.com/us/therapists/britney-holthouser-glendale-ca/188955"
"Zena Darwish","Psychologist, PsyD","Glendale","91203","","","CA","https://www.psychologytoday.com/us/therapists/zena-darwish-glendale-ca/107168"
"Siouneh Shabandari","Clinical Social Work/Therapist, LCSW","","","","true","CA","https://www.psychologytoday.com/us/therapists/siouneh-shabandari-glendale-ca/874049"
"Ariga Aghajanian","Marriage & Family Therapist, LMFT","","","","true","CA","https://www.psychologytoday.com/us/therapists/ariga-aghajanian-glendale-ca/1792966"
"Shepard's Way Inc.","Marriage & Family Therapist, MA, LMFT","Glendale","91206","","","CA","https://www.psychologytoday.com/us/therapists/shepard-s-way-inc-glendale-ca/185738"
"Naja Martin","","Encino","91436","","","CA","https://www.psychologytoday.com/us/therapists/naja-martin-encino-ca/1288775"
"Dr. Patrice Le Goy","Marriage & Family Therapist, PhD, LMFT","","","","true","CA","https://www.psychologytoday.com/us/therapists/patrice-le-goy-encino-ca/428603"
"Mary Tobon","Clinical Social Work/Therapist, LCSW","Encino","91436","","","CA","https://www.psychologytoday.com/us/therapists/mary-tobon-encino-ca/844685"
"Michelle Massi","Marriage & Family Therapist, LMFT","Encino","91436","","","CA","https://www.psychologytoday.com/us/therapists/michelle-massi-encino-ca/105119"
"Kate Ettinger","Marriage & Family Therapist, LMFT","Encino","91436","","","CA","https://www.psychologytoday.com/us/therapists/kate-ettinger-encino-ca/1102674"
"Cynthia J. Winn","Marriage & Family Therapist, EMDR","Encino","91436","","","CA","https://www.psychologytoday.com/us/therapists/cynthia-j-winn-encino-ca/167498"
"Halle Guidi","Licensed Professional Counselor, LPCC","","","","true","CA","https://www.psychologytoday.com/us/therapists/halle-guidi-encino-ca/1428886"
"Arianna Wheat","Marriage & Family Therapist, LMFT","Encino","91436","","","CA","https://www.psychologytoday.com/us/therapists/arianna-wheat-encino-ca/1468409"
"Terri L Asanovich","Marriage & Family Therapist, LMFT","Encino","91436","","","CA","https://www.psychologytoday.com/us/therapists/terri-l-asanovich-encino-ca/196216"
"Michael Namekata","Psychologist, PhD","Encino","91436","","","CA","https://www.psychologytoday.com/us/therapists/michael-namekata-encino-ca/1055515"
"Yeva Ghrjyan","Psychologist, PsyD","Encino","91316","","","CA","https://www.psychologytoday.com/us/therapists/yeva-ghrjyan-encino-ca/1283854"
"Shiva Howell","Marriage & Family Therapist, MA, LMFT","Encino","91436","","","CA","https://www.psychologytoday.com/us/therapists/shiva-howell-encino-ca/826029"
"Shawn Lare Brinkley","Marriage & Family Therapist, MS, LMFT","","","","true","CA","https://www.psychologytoday.com/us/therapists/shawn-lare-brinkley-encino-ca/362631"
"Aileen Nealie","Marriage & Family Therapist, LMFT, DCEP","","","","true","CA","https://www.psychologytoday.com/us/therapists/aileen-nealie-encino-ca/247908"
"Melissa M Shepherd-Williams","Marriage & Family Therapist, MA, LMFT","Encino","91436","","","CA","https://www.psychologytoday.com/us/therapists/melissa-m-shepherd-williams-encino-ca/35494"
"Julie Brennglass","Marriage & Family Therapist, LMFT","Encino","91436","","","CA","https://www.psychologytoday.com/us/therapists/julie-brennglass-encino-ca/147789"
"Coco Owen","Psychologist, PhD","","","","true","CA","https://www.psychologytoday.com/us/therapists/coco-owen-encino-ca/789589"
"Anat Solouki","Marriage & Family Therapist, LMFT, PMH-C","Encino","91436","","","CA","https://www.psychologytoday.com/us/therapists/anat-solouki-encino-ca/1785160"
"Sepideh Zarinejad","Psychologist, PhD","Encino","91436","","","CA","https://www.psychologytoday.com/us/therapists/sepideh-zarinejad-encino-ca/81332"
"Tammy Hunter PhD, CHt","","","","","true","CA","https://www.psychologytoday.com/us/therapists/tammy-hunter-phd-cht-encino-ca/220903"
"Shannen Isabelle Ponce Mosqueda","Clinical Social Work/Therapist, LCSW","","","","true","CA","https://www.psychologytoday.com/us/therapists/shannen-isabelle-ponce-mosqueda-anaheim-ca/1800567"
"Mala Leao","Clinical Social Work/Therapist, LCSW","","","","true","CA","https://www.psychologytoday.com/us/therapists/mala-leao-anaheim-ca/1475847"
"Martin J Eaton","Psychologist, PhD","Anaheim","92807","","","CA","https://www.psychologytoday.com/us/therapists/martin-j-eaton-anaheim-ca/112900"
"Juan Antonio Romero","Pre-Licensed Professional, AMFT, APCC","Anaheim","92801","","","CA","https://www.psychologytoday.com/us/therapists/juan-antonio-romero-anaheim-ca/1771058"
"Michelle Jackson","Clinical Social Work/Therapist, MSW, LCSW","Anaheim","92807","","","CA","https://www.psychologytoday.com/us/therapists/michelle-jackson-anaheim-ca/142550"
"Sameeha Fathima Alkamalee Jabbar","Clinical Social Work/Therapist, MSW, LCSW","Anaheim","92805","","","CA","https://www.psychologytoday.com/us/therapists/sameeha-fathima-alkamalee-jabbar-anaheim-ca/991288"
"Rhonda Suite","Marriage & Family Therapist, MA, LMFT","","","","true","CA","https://www.psychologytoday.com/us/therapists/rhonda-suite-anaheim-ca/276668"
"Dr. Estella Lerlo","Marriage & Family Therapist, MA, DMFT, LMFT","Anaheim","92807","","","CA","https://www.psychologytoday.com/us/therapists/estella-lerlo-anaheim-ca/873765"
"Mariana Cervantes","Clinical Social Work/Therapist, LCSW","","","","true","CA","https://www.psychologytoday.com/us/therapists/mariana-cervantes-anaheim-ca/1720067"
"Seima Diaz- Holistic Healing & Trauma Recovery","Marriage & Family Therapist, EdD, LMFT","Anaheim","92807","","","CA","https://www.psychologytoday.com/us/therapists/seima-diaz-holistic-healing-trauma-recovery-anaheim-ca/355459"
"Dongming Zhao","Clinical Social Work/Therapist, LCSW","Anaheim","92807","","","CA","https://www.psychologytoday.com/us/therapists/dongming-zhao-anaheim-ca/1297058"
"Fae Feliciano-Pineda","Clinical Social Work/Therapist, LCSW","","","","true","CA","https://www.psychologytoday.com/us/therapists/fae-feliciano-pineda-anaheim-ca/1226161"
"Sara Saldivar","Marriage & Family Therapist Associate, MA, AMFT","","","","true","CA","https://www.psychologytoday.com/us/therapists/sara-saldivar-anaheim-ca/1596118"
"Susan Lee","Clinical Social Work/Therapist, LCSW","","","","true","CA","https://www.psychologytoday.com/us/therapists/susan-lee-anaheim-ca/927256"
"Courtney Moeller","Marriage & Family Therapist, LMFT, MS","","","","true","CA","https://www.psychologytoday.com/us/therapists/courtney-moeller-anaheim-ca/415305"
"Kimberly Kitchen","Marriage & Family Therapist, MS, LMFT, LPCC","Anaheim","92807","","","CA","https://www.psychologytoday.com/us/therapists/kimberly-kitchen-anaheim-ca/1372177"
"Brian Dirks","Marriage & Family Therapist, MA, LMFT","Anaheim","92807","","","CA","https://www.psychologytoday.com/us/therapists/brian-dirks-anaheim-ca/313440"
"Brianna Favela","","Anaheim","92807","","","CA","https://www.psychologytoday.com/us/therapists/brianna-favela-anaheim-ca/1391970"
"Stephanie C Lambrecht","Licensed Professional Clinical Counselor, LMFT, LPCC, CATC IV","","","","true","CA","https://www.psychologytoday.com/us/therapists/stephanie-c-lambrecht-anaheim-ca/1812996"
"Jessica Martinez","Marriage & Family Therapist, MA, LMFT","Anaheim","92807","","","CA","https://www.psychologytoday.com/us/therapists/jessica-martinez-anaheim-ca/246670"
"Deborah F. McBride","Marriage & Family Therapist, LMFT","","","","true","CA","https://www.psychologytoday.com/us/therapists/deborah-f-mcbride-riverside-ca/1719706"
"Terapia En Espanol Family Counseling APC","Marriage & Family Therapist, MS, LMFT","Riverside","92505","","","CA","https://www.psychologytoday.com/us/therapists/terapia-en-espanol-family-counseling-apc-riverside-ca/993020"
"Hannah Mattheisen","Clinical Social Work/Therapist, LICSW","Riverside","92507","","","CA","https://www.psychologytoday.com/us/therapists/hannah-mattheisen-riverside-ca/1652062"
"Crystal Cendejas","Clinical Social Work/Therapist, MSW, LCSW","Riverside","92505","","","CA","https://www.psychologytoday.com/us/therapists/crystal-cendejas-riverside-ca/1773764"
"Ashley Govea","Counselor, MS, PPS, APCC","Riverside","92506","","","CA","https://www.psychologytoday.com/us/therapists/ashley-govea-riverside-ca/1809852"
"Delilah Perez","Clinical Social Work/Therapist, LCSW","","","","true","CA","https://www.psychologytoday.com/us/therapists/delilah-perez-riverside-ca/1747714"
"SP Consulting Group, LLC","Clinical Social Work/Therapist, PsyD, MSW, LCSW","","","","true","CA","https://www.psychologytoday.com/us/therapists/sp-consulting-group-llc-riverside-ca/769583"
"Jessica Balderas","Marriage & Family Therapist, LMFT","","","","true","CA","https://www.psychologytoday.com/us/therapists/jessica-balderas-riverside-ca/1625179"
"Ariele Oshiro-Wilkie","Licensed Professional Clinical Counselor, MS, CSAT, LPCC, LMHC, LCPC","Riverside","92507","","","CA","https://www.psychologytoday.com/us/therapists/ariele-oshiro-wilkie-riverside-ca/482719"
"Adan Carlos Gomez","Clinical Social Work/Therapist, MSW, LCSW","Riverside","92506","","","CA","https://www.psychologytoday.com/us/therapists/adan-carlos-gomez-riverside-ca/1756560"
"Kaoru (Kay) Pasache","Marriage & Family Therapist Associate","","","","true","CA","https://www.psychologytoday.com/us/therapists/kaoru-kay-pasache-riverside-ca/1270734"
"Dr. Teresa Serrano","Marriage & Family Therapist, DSW, LMFT","Riverside","92503","","","CA","https://www.psychologytoday.com/us/therapists/teresa-serrano-riverside-ca/493542"
"Graciela Real","Clinical Social Work/Therapist","","","","true","CA","https://www.psychologytoday.com/us/therapists/graciela-real-riverside-ca/1781155"
"Joe Arias","Clinical Social Work/Therapist, LCSW, MSW","Riverside","92505","","","CA","https://www.psychologytoday.com/us/therapists/joe-arias-riverside-ca/1379788"
"Herlay Divine","Clinical Social Work/Therapist, LCSW, LICSW","Riverside","92505","","","CA","https://www.psychologytoday.com/us/therapists/herlay-divine-riverside-ca/1296642"
"Psychological Evaluations for Court - Dr. Dean","Psychologist, PsyD, QME, Author","Riverside","92505","","","CA","https://www.psychologytoday.com/us/therapists/psychological-evaluations-for-court-dr-dean-riverside-ca/1425709"
"Mavernie Mitchell","Clinical Social Work/Therapist, LCSW","","","","true","CA","https://www.psychologytoday.com/us/therapists/mavernie-mitchell-riverside-ca/1480954"
"Mario Rocha","Marriage & Family Therapist, LMFT","","","","true","CA","https://www.psychologytoday.com/us/therapists/mario-rocha-riverside-ca/1645256"
"Erika Lazo","Clinical Social Work/Therapist, LCSW","Riverside","92507","","","CA","https://www.psychologytoday.com/us/therapists/erika-lazo-riverside-ca/475935"
"Anthony Fiori","Marriage & Family Therapist, LMFT","","","","true","CA","https://www.psychologytoday.com/us/therapists/anthony-fiori-riverside-ca/1663463"
"Van Pillay","Marriage & Family Therapist, MA, LMFT","","","","true","CA","https://www.psychologytoday.com/us/therapists/van-pillay-fremont-ca/462220"
"Maria Reyes","Marriage & Family Therapist Associate, MA, AMFT, APCC","Fremont","94536","","","CA","https://www.psychologytoday.com/us/therapists/maria-reyes-fremont-ca/1000167"
"Maitrayee Baksi-Banerjee","Clinical Social Work/Therapist, MSW, LCSW","Fremont","94538","","","CA","https://www.psychologytoday.com/us/therapists/maitrayee-baksi-banerjee-fremont-ca/194732"
"Y’Lang (“E-Lang”) T. Dong","Psychologist, PhD","Fremont","94536","","","CA","https://www.psychologytoday.com/us/therapists/y-lang-e-lang-t-dong-fremont-ca/731555"
"Sharon Campbell","Marriage & Family Therapist, MA, LMFT","Fremont","94538","","","CA","https://www.psychologytoday.com/us/therapists/sharon-campbell-fremont-ca/167159"
"Andrea K Chan","Psychologist, PsyD","Fremont","94538","","","CA","https://www.psychologytoday.com/us/therapists/andrea-k-chan-fremont-ca/896914"
"Lilac Kenner Winer","Marriage & Family Therapist, MFT","","","","true","CA","https://www.psychologytoday.com/us/therapists/lilac-kenner-winer-fremont-ca/1015548"
"Shimrit Zelig","Marriage & Family Therapist, MA, LMFT","","","","true","CA","https://www.psychologytoday.com/us/therapists/shimrit-zelig-fremont-ca/1085661"
"Appletree Psychological Services","Psychologist","Fremont","94538","","","CA","https://www.psychologytoday.com/us/therapists/appletree-psychological-services-fremont-ca/734220"
"Kelly Priest","Clinical Social Work/Therapist, LCSW-C","Fremont","94538","","","CA","https://www.psychologytoday.com/us/therapists/kelly-priest-fremont-ca/1722642"
"Stella Mak","Marriage & Family Therapist","Fremont","94538","","","CA","https://www.psychologytoday.com/us/therapists/stella-mak-fremont-ca/1220108"
"Paul Malkin","Clinical Social Work/Therapist, LCSW, MFT","","","","true","CA","https://www.psychologytoday.com/us/therapists/paul-malkin-fremont-ca/6975"
"Jasmine Flanagan","Marriage & Family Therapist, LMFT","","","","true","CA","https://www.psychologytoday.com/us/therapists/jasmine-flanagan-fremont-ca/1814950"
"Bryna Barsky","Psychologist, PhD","Fremont","94538","","","CA","https://www.psychologytoday.com/us/therapists/bryna-barsky-fremont-ca/82185"
"Sapna Saha","Marriage & Family Therapist, LMFT","Fremont","94539","","","CA","https://www.psychologytoday.com/us/therapists/sapna-saha-fremont-ca/852152"
"Amanda Hagos","Clinical Social Work/Therapist, LCSW, PPSC","Fremont","94536","","","CA","https://www.psychologytoday.com/us/therapists/amanda-hagos-fremont-ca/1102640"
"Shalini Dayal","Marriage & Family Therapist, MFT, #43574","Fremont","94538","","","CA","https://www.psychologytoday.com/us/therapists/shalini-dayal-fremont-ca/410556"
"Tracey Yan","Marriage & Family Therapist, MA, LMFT","","","","true","CA","https://www.psychologytoday.com/us/therapists/tracey-yan-fremont-ca/116934"
"Dion Smith","Marriage & Family Therapist, LMFT","Fremont","94536","","","CA","https://www.psychologytoday.com/us/therapists/dion-smith-fremont-ca/1287837"
"Stephanie Nguyen","Clinical Social Work/Therapist, LCSW","Fremont","94538","","","CA","https://www.psychologytoday.com/us/therapists/stephanie-nguyen-fremont-ca/203163"