slug,ubc_page_title,found_title,ubc_author,pub_year,ubc_description,ol_title,ol_author,ol_isbn,ol_cover,source_url
teachers-guide-resolving-school-bullying,A Teacher’s Guide to Resolving School Bullying,A Teacher’s Guide to Resolving School Bullying,Dr,,"The Teacher’s Guide to Resolving School Bullying: Evidence-based Strategies and Pupil-led Interventions, is written by Dr. Elizabeth Nassem, a researcher and consultant based in the UK. Written for teachers, this book provides an analysis of the nature of bullying in schools. With a focus on student",,,,,https://www.selresources.com/sel/teachers-guide-resolving-school-bullying/
set-school-year-success-first-six-weeks-school,Set the school year up for success with: The First Six Weeks of School,The First Six Weeks of School,"Paula Denton, Roxann Kriete",2000,,The first six weeks of school,"Paula Denton, Roxann Kriete",9781892989048,https://covers.openlibrary.org/b/id/942074-M.jpg,https://www.selresources.com/sel/set-school-year-success-first-six-weeks-school/
book-film-teenagers-loss-parent,A book and film for teenagers about the loss of a parent,A book and film for teenagers about the loss of a parent,,,"A Monster Calls is a widely acclaimed book (2015) written by Patrick Ness, that was later made into a film (2016). Written for teenage readers, it is the story of a young boy Conor, who struggles with bullying and his mother’s terminal illness. Conor meets the monster, a nearby tree, who helps him u",,,,,https://www.selresources.com/sel/book-film-teenagers-loss-parent/
teacher-language-isnt-just-teachers-say-say-matters,"Teacher language: It isn’t just what teachers say, but how they say it that matters",Teacher language,"Stephen Andrews, Stephen Andrews",2003,"The Power of Our Words is a teacher resource book that emphasizes the power of language to shape learners. Written by US-based retired teacher and language researcher Paula Denton, the book offers different strategies for teachers to employ positive language in their classroom as a teaching tool. St",Teacher Language Awareness (Cambridge Language Teaching Library),"Stephen Andrews, Stephen Andrews",9780511335327,https://covers.openlibrary.org/b/id/2470201-M.jpg,https://www.selresources.com/sel/teacher-language-isnt-just-teachers-say-say-matters/
visiting-feelings-emotional-awareness-mindfulness-childrens-picture-book,Visiting Feelings: Emotional Awareness and Mindfulness in a Children’s Picture Book,Visiting Feelings,Lauren Rubenstein,2014,"The children’s book Visiting Feelings was written by Lauren Rubenstein, Psy.D. and illustrated by Shelley Hehenberger. The 32-page book was first published in 2013 by Magination Press. Visiting Feelings centers around the concepts of emotional awareness and mindfulness. It offers children opportunit",Visiting Feelings,"Dr. Lauren Rubenstein, JD, PsyD",9781433813399,https://covers.openlibrary.org/b/id/9710473-M.jpg,https://www.selresources.com/sel/visiting-feelings-emotional-awareness-mindfulness-childrens-picture-book/
childrens-picture-book-hope-healing-compassion,"A Children’s Picture Book about Hope, Healing and Compassion","A Children’s Picture Book about Hope, Healing and Compassion",,,,,,,,https://www.selresources.com/sel/childrens-picture-book-hope-healing-compassion/
book-foster-peacemaking-peers-kids-guide-working-conflicts,A book to foster Peacemaking with Peers: The Kids’ Guide to Working Out Conflicts,A book to foster Peacemaking with Peers,,,,,,,,https://www.selresources.com/sel/book-foster-peacemaking-peers-kids-guide-working-conflicts/
book-building-communication-skills-creative-conflict-resolution,A book on Building Communication Skills: Creative Conflict Resolution,A book on Building Communication Skills,,,,,,,,https://www.selresources.com/sel/book-building-communication-skills-creative-conflict-resolution/
99-activities-greetings-livening-morning-meetings,99 Activities and Greetings for Livening up Morning Meetings,99 Activities and Greetings for Livening up Morning Meetings,,,,,,,,https://www.selresources.com/sel/99-activities-greetings-livening-morning-meetings/
book-help-improve-school-climate-reduce-violence,A book to help Improve School Climate and Reduce Violence,A book to help Improve School Climate and Reduce Violence,Dr,,"Connecting with Students is authored by Dr. Allen N. Mendler, an American school psychologist who specializes in behavior and classroom management. This book was created for teachers to help foster positive and caring individual relationships with each student, in particular with challenging or at-r",,,,,https://www.selresources.com/sel/book-help-improve-school-climate-reduce-violence/
improving-emotional-intelligence-eq-difference,Improving emotional intelligence: The EQ Difference,Improving emotional intelligence,Kati Haylock,2021,,Emotional Intelligence : How to Improve Emotional Intelligence,Kati Haylock,9798503772197,,https://www.selresources.com/sel/improving-emotional-intelligence-eq-difference/
easy-follow-comprehensive-book-bullying-schools,An easy,An easy,,,,,,,,https://www.selresources.com/sel/easy-follow-comprehensive-book-bullying-schools/
9302,“The New Social Story Book” helps children with autism learn social skills,“The New Social Story Book” helps children with autism learn social skills,,,,,,,,https://www.selresources.com/sel/9302/
book-fostering-sel-middle-schools-educating-minds-hearts,A book about fostering SEL in middle schools : “Educating Minds and Hearts”,A book about fostering SEL in middle schools,,,,,,,,https://www.selresources.com/sel/book-fostering-sel-middle-schools-educating-minds-hearts/
promote-students-compassion-respect-educating-character-book,Promote students’ compassion and respect: “Educating for Character” book,Promote students’ compassion and respect,,,,,,,,https://www.selresources.com/sel/promote-students-compassion-respect-educating-character-book/
practical-guide-discipline-school-discipline-self-discipline-book,A practical guide for discipline: “School Discipline and Self,A practical guide for discipline,"Cathy Leverkus, Shannon Acedo",2013,,Ebooks and the School Library Program,"Cathy Leverkus, Shannon Acedo",9780838986745,https://covers.openlibrary.org/b/id/7270651-M.jpg,https://www.selresources.com/sel/practical-guide-discipline-school-discipline-self-discipline-book/
bringing-justice-schools-little-book-restorative-discipline,Bringing justice to schools: “The Little Book of Restorative Discipline”,Bringing justice to schools,,,,,,,,https://www.selresources.com/sel/bringing-justice-schools-little-book-restorative-discipline/
simple-tool-address-behavioural-problems-children-autism,A simple tool to address behavioural problems in children with autism,A simple tool to address behavioural problems in children with autism,,,,,,,,https://www.selresources.com/sel/simple-tool-address-behavioural-problems-children-autism/
helping-children-social-cognitive-difficulties-lets-talk-emotions,Helping Children with Social Cognitive Difficulties: Let’s Talk Emotions,Helping Children with Social Cognitive Difficulties,,,,,,,,https://www.selresources.com/sel/helping-children-social-cognitive-difficulties-lets-talk-emotions/
rethinking-discipline-practices-try-reading,"Rethinking discipline practices? Try reading, “It’s all about We”.","Rethinking discipline practices? Try reading, “It’s all about We”.",,,"It’s all about We is a book written by Dianne Gossen that explores an alternative approach to discipline, called “restitution”. Restitution is founded on the concept that humans are motivated by four basic needs, outlined by Gossen as belonging, power, freedom, and fun. One of the goals of restituti",,,,,https://www.selresources.com/sel/rethinking-discipline-practices-try-reading/
facilitator-led-self-management-development-gr-6-8-responding-peaceful-positive-ways,Facilitator,Facilitator,,,,,,,,https://www.selresources.com/sel/facilitator-led-self-management-development-gr-6-8-responding-peaceful-positive-ways/
using-literature-tool-bullying-confronting-bullying-book,Using literature as a tool against bullying: Confronting Bullying book,Using literature as a tool against bullying,,,,,,,,https://www.selresources.com/sel/using-literature-tool-bullying-confronting-bullying-book/
book-help-bully-proof-school,A Book to Help Bully,A Book to Help Bully,"Carla Garrity, Kathryn Jens",2000,,Bully-proofing your school,"Carla Garrity, Kathryn Jens",9781570352799,https://covers.openlibrary.org/b/id/1914195-M.jpg,https://www.selresources.com/sel/book-help-bully-proof-school/
sel-picture-book-series-pre-k-grade-2,SEL picture book series for pre,SEL picture book series for pre,,,,,,,,https://www.selresources.com/sel/sel-picture-book-series-pre-k-grade-2/
using-adventure-create-community-classroom,Using Adventure to Create Community in the Classroom,Using Adventure to Create Community in the Classroom,,,"Journey Toward the Caring Classroom, written by Laurie Frank, brings experiential learning into the classroom as a way to build a learning environment which revolves around community, where students feel valued, safe and free to make and learn from mistakes, and where teachers are facilitators and e",,,,,https://www.selresources.com/sel/using-adventure-create-community-classroom/
fostering-self-regulated-learning-classroom,Fostering self,Fostering self,Giuliana Dettori,2010,"This book is written by Deborah Butler, Nancy Perry and Leyton Schnellert, professors in special education and educational psychology at the University of British Columbia. Designed for educators who want to learn about self-regulated learning (SRL), and support the development of self-regulating le",Fostering Selfregulated Learning Through Ict,Giuliana Dettori,9781616929039,https://covers.openlibrary.org/b/id/7492565-M.jpg,https://www.selresources.com/sel/fostering-self-regulated-learning-classroom/
advice-parents-teachers-end-bullying,Advice for Parents and Teachers on How to End Bullying,Advice for Parents and Teachers on How to End Bullying,,,"Written by parent and popular blogger Carrie Goldman, and endorsed by top bullying experts, this book provides realistic and practical advice for parents, teachers and students about how to address both face-to-face and online bullying. Grounded in up-to-date research and backed by scientific eviden",,,,,https://www.selresources.com/sel/advice-parents-teachers-end-bullying/
working-sexual-gender-minority-students-families,Working with Sexual and Gender Minority Students and their Families,Working with Sexual and Gender Minority Students and their Families,Emily S. Fisher,2012,,"Responsive school practices to support lesbian, gay, bisexual, transgender, and questioning students and families",Emily S. Fisher,9781136813290,https://covers.openlibrary.org/b/id/9301985-M.jpg,https://www.selresources.com/sel/working-sexual-gender-minority-students-families/
helping-children-develop-social-skills-friendship-groups,Helping children develop social skills in Friendship Groups,Helping children develop social skills in Friendship Groups,,,"Social and Emotional Skills Training for Children is the manual for the Friendship Group program, an evidence-based, group-intervention for elementary school children experiencing peer difficulties at school. Authored by researchers in child development and psychology, Karen L. Bierman, Mark T. Gree",,,,,https://www.selresources.com/sel/helping-children-develop-social-skills-friendship-groups/
creating-healthy-classrooms-encourage-learning,Creating Healthy Classrooms that Encourage Learning,Creating Healthy Classrooms that Encourage Learning,,,,,,,,https://www.selresources.com/sel/creating-healthy-classrooms-encourage-learning/
peer-assisted-learning-strategies,Peer,Peer,Douglas Fuchs,1996,,Peer-assisted learning strategies,Douglas Fuchs,,,https://www.selresources.com/sel/peer-assisted-learning-strategies/
evidence-based-strategies-improving-students-social-skills,Evidence,Evidence,,,,,,,,https://www.selresources.com/sel/evidence-based-strategies-improving-students-social-skills/
teaching-mindfulness-strategies-children-adolescents,Teaching Mindfulness Strategies to Children and Adolescents,Teaching Mindfulness Strategies to Children and Adolescents,renowned scholars in the fields of mindfulness and education,,"This volume, edited by Dr. Christopher Willard, from Lesley University and Harvard Medical School and Dr. Amy Saltzman, a holistic physician and mindfulness expert, includes chapters written by renowned scholars in the fields of mindfulness and education.  Grounded in developmental and neurobiologic",,,,,https://www.selresources.com/sel/teaching-mindfulness-strategies-children-adolescents/
childrens-book-friendship-forgiveness-friendship-rules,A children’s book about friendship and forgiveness: Our Friendship Rules,A children’s book about friendship and forgiveness,,,"Our Friendship Rules, written by Peggy Moss, is a story about Alexandra, who betrays her best friend, Jenny, in her bid to be part of the cool crowd. When Alexandra sees the hurt that she has caused her friend, she manages to find a way towards reconciliation with a new set of “friendship rules”. Th",,,,,https://www.selresources.com/sel/childrens-book-friendship-forgiveness-friendship-rules/
picture-book-children-prek-2-feeling-angry-constructive-ways-deal-anger-feel-angry,A picture book for children PreK, A picture book for children PreK,,,,,,,https://www.selresources.com/sel/picture-book-children-prek-2-feeling-angry-constructive-ways-deal-anger-feel-angry/
picture-book-inspire-elementary-schoolchildren-take-action-witness-bullying,A picture book to inspire elementary schoolchildren to take action when they witness bullying,A picture book to inspire elementary schoolchildren to take action when they witness bullying,,,,,,,,https://www.selresources.com/sel/picture-book-inspire-elementary-schoolchildren-take-action-witness-bullying/
childrens-book-teaches-anger-management-using-muscle-relaxation-angry-octopus,A children’s book that teaches anger management using muscle relaxation: Angry Octopus,A children’s book that teaches anger management using muscle relaxation,,,,,,,,https://www.selresources.com/sel/childrens-book-teaches-anger-management-using-muscle-relaxation-angry-octopus/
childrens-book-finding-joy-not-perfection-ish,A children’s book on finding joy not in perfection… but in “ish”,A children’s book on finding joy not in perfection…. but in “ish”,,,,,,,,https://www.selresources.com/sel/childrens-book-finding-joy-not-perfection-ish/
book-using-restorative-practices-classrooms-better-carrots-sticks,A book about using restorative practices in classrooms: Better Than Carrots or Sticks,A book about using restorative practices in classrooms,Dominique Smith,2015,"Better Than Carrots or Sticks, written by educators Dominique Smith, Douglas Fisher, and Nancy Frey, advocates for the use of restorative practices in classrooms, and provides practical strategies for building a respectful and collaborative classroom climate where students and teachers resolve confl",Better than carrots or sticks,Dominique Smith,14618335,Https://covers.openlibrary.org/b/id/14618335-M.jpg,https://www.selresources.com/sel/book-using-restorative-practices-classrooms-better-carrots-sticks/
childrens-book-school-day-challenges-immigrant-child-far-away,A children’s book about the school,A children’s book about the school,,,,,,,,https://www.selresources.com/sel/childrens-book-school-day-challenges-immigrant-child-far-away/
20-childrens-books-diversity-body-positivity,20 Children’s Books about Diversity and Body Positivity,20 Children’s Books about Diversity and Body Positivity,,,,,,,,https://www.selresources.com/sel/20-childrens-books-diversity-body-positivity/
online-resource-coordinators-educators-considerations-early-childhood-education-regarding-refugee-immigrant-students,Online resource for coordinators and educators on considerations for early childhood education regarding refugee and immigrant students,Online resource for coordinators and educators on considerations for early childhood education regarding refugee and immigrant students,Kerry H,,"Diversity and difference in early childhood education: Issues for theory and practice, written by Kerry H. Robinson and Criss Jones Diaz (2005), increases the theoretical understandings of early childhood education and development in relation to diversity, difference, and social justice. The book is",,,,,https://www.selresources.com/sel/online-resource-coordinators-educators-considerations-early-childhood-education-regarding-refugee-immigrant-students/
acknowledging-educational-needs-students-times-crisis-disaster-book-essays,Acknowledging educational needs of students in times of crisis and disaster: A book of essays,Acknowledging educational needs of students in times of crisis and disaster,Kevin M,,"Even in chaos: Education in times of emergency, written by Kevin M. D. Cahill and Miguel H. E. D’Escoto (2010), concentrates on the necessity and importance of education, even in times of conflict and disaster. The book is separated into three sections, each containing essays written by subject matt",,,,,https://www.selresources.com/sel/acknowledging-educational-needs-students-times-crisis-disaster-book-essays/
online-resource-coordinators-educators-early-childhood-education-refugee-immigrant-students,Online resource for coordinators and educators on early childhood education for refugee and immigrant students,Online resource for coordinators and educators on early childhood education for refugee and immigrant students,,,,,,,,https://www.selresources.com/sel/online-resource-coordinators-educators-early-childhood-education-refugee-immigrant-students/
resource-creating-supportive-school-environments-refugee-students,A resource on creating supportive school environments for refugee students,A resource on creating supportive school environments for refugee students,,,"Life after war: Education as a healing process for refugee and war-affected children, written by Tony Tavares and Isle Slotin (2012), is an e-book that provides information for educators, school support staff, and school community members about special emotional, social, and psychological considerat",,,,,https://www.selresources.com/sel/resource-creating-supportive-school-environments-refugee-students/
teaching-young-children-difference-bullying-teasing-storybook,Teaching young children the difference between bullying and teasing: A storybook,Teaching young children the difference between bullying and teasing,Julia Cook,,"Tease Monster, written by Julia Cook and illustrated by Anita Du Falla (2013), is a storybook targeted for children 4 years of age or older that teaches the difference between teasing and bullying. The story is centered on “One-of-a-Kind”, who likes to do things that other students find funny, so On",,,,,https://www.selresources.com/sel/teaching-young-children-difference-bullying-teasing-storybook/
teaching-children-transgender-students-novel,Teaching children about transgender students: A novel,Teaching children about transgender students,,,"George, written by Alex Gino (2015), is a book for middle school children that focuses on the main character, George, and her story about learning to be who she is in a world that doesn’t see her in the way she sees herself. George is a transgender female student trapped in a world that doesn’t [...",,,,,https://www.selresources.com/sel/teaching-children-transgender-students-novel/
supporting-refugee-children-schools-reference-guide,Supporting refugee children in schools: A reference guide,Supporting refugee children in schools,,,"Supporting refugee children: Strategies for educators, written by Jan Stewart (2011), Associate professor in the Faculty of Education at the University of Winnipeg, provides educators, researchers, counsellors, and social workers with an invaluable resource about special considerations regarding ref",,,,,https://www.selresources.com/sel/supporting-refugee-children-schools-reference-guide/
teaching-young-children-not-tattle-others-storybook,Teaching young children to not tattle on others: A storybook,Teaching young children to not tattle on others,Julia Cook,,"A Bad Case of Tattle Tongue, written by Julia Cook and illustrated by Anita Du Falla, is a storybook targeted for children 4 years of age or older that teaches about the difference between tattle taling and warning others regarding important matters. The story is centered on a young boy named Josh, ",,,,,https://www.selresources.com/sel/teaching-young-children-not-tattle-others-storybook/
teaching-children-respect-others-personal-space-storybook,Teaching children respect for other&#039;s personal space: A storybook,Teaching children respect for other&#039;s personal space,Julia Cook,,"Published in 2007 and written by Julia Cook and illustrated by Carrie Hartman, Personal Space Camp teaches young children about respecting other’s personal space. The storybook follows a young boy, Louis, who often invades the personal space of his classmates and friends. Although Louis does not mea",,,,,https://www.selresources.com/sel/teaching-children-respect-others-personal-space-storybook/
teaching-young-children-to-wait-their-turn-before-speaking-a-storybook,Teaching young children to wait their turn before speaking: A storybook,Teaching young children to wait their turn before speaking,Julia Cook,,"My Mouth is a Volcano, written by Julia Cook and illustrated by Carrie Hartman, is a storybook targeted for children 4 years of age or older that highlights the importance of waiting one’s turn before speaking. The story is centered on a young boy named Louis. When Louis listens to his parents, teac",,,,,https://www.selresources.com/sel/teaching-young-children-to-wait-their-turn-before-speaking-a-storybook/
classroom-strategies-fostering-self-regulated-learning-students-pre-k-grade-6,Classroom Strategies for Fostering Self,Classroom Strategies for Fostering Self,,,,,,,,https://www.selresources.com/sel/classroom-strategies-fostering-self-regulated-learning-students-pre-k-grade-6/
filling-buckets-childrens-books-teaching-kindness,Filling buckets: Children’s books for teaching kindness,Filling buckets,,,,,,,,https://www.selresources.com/sel/filling-buckets-childrens-books-teaching-kindness/
help-students-behavioral-challenges,How do we help students with behavioral challenges?,How do we help students with behavioral challenges?,,,,,,,,https://www.selresources.com/sel/help-students-behavioral-challenges/
techniques-building-emotional-intelligence-linda-lantieri,Techniques for building emotional intelligence,Techniques for building emotional intelligence,Linda Lantieri,2008,"Building Emotional Intelligence: Techniques to Cultivate Inner Strength in Children, written by Linda Lantieri and Daniel Goleman in 2008, provides parents, teachers, and caregivers with practical, easy-to-follow activities for teaching children how to calm the body and focus the mind. Accompanied b",Building emotional intelligence,Linda Lantieri,9781591797890,https://covers.openlibrary.org/b/id/7394129-M.jpg,https://www.selresources.com/sel/techniques-building-emotional-intelligence-linda-lantieri/
helping-behaviourally-challenging-students,Helping behaviourally challenging students,Helping behaviourally challenging students,,,,,,,,https://www.selresources.com/sel/helping-behaviourally-challenging-students/
handle-explosive-kids,How do you handle explosive kids?,How do you handle explosive kids?,,,,,,,,https://www.selresources.com/sel/handle-explosive-kids/
childrens-book-ripples-kind-unkind,"A children’s book about the ripples of being kind, and unkind","A children’s book about the ripples of being kind, and unkind",,,"Each Kindness, written by Jacqueline Woodson, is a story about a girl named Chloe who reacts unkindly when a new girl, Maya, arrives at her school and tries to make friends. Chloe excludes her from group games, and does not make Maya feel welcome at all. Maya eventually leaves, and the story ends wi",,,,,https://www.selresources.com/sel/childrens-book-ripples-kind-unkind/
childrens-story-tree-boy-kind,"Children’s book about how first impressions could be misleading, even for ‘sworn enemies’!","Children’s book about how first impressions could be misleading, even for ‘sworn enemies’!",,,"Enemy Pie, written by Derek Munson, is about a boy who is having trouble with a new neighbor, Jeremy Ross, who excludes him from birthday parties and laughs at him when he makes mistakes in baseball. His father comes up with a plan for getting rid of enemies- making enemy pie. But the boys have to [",,,,,https://www.selresources.com/sel/childrens-story-tree-boy-kind/
childrens-book-hard-kind-can-sometimes,A children’s book about how hard being kind can sometimes be,A children’s book about how hard being kind can sometimes be,,,"Those Shoes, written by Maribeth Boelts, is a story about Jeremy, who really wants a pair of “cool shoes” like the other kids have, but his family cannot afford them. One day, he finds them in a thrift shop and even though they are too tight on him, he buys them anyway. He faces a tough [...]",,,,,https://www.selresources.com/sel/childrens-book-hard-kind-can-sometimes/
self-help-guides-kids-overcoming-difficult-emotions,Self,Self,,,"The What to Do When … book series, written by Dawn Huebner, provides children and their parents with easy-to-read information and activities to overcome their problems. Based on cognitive-behavioral techniques, the books include metaphors and illustrations that offer new perspectives on life&#8217;s",,,,,https://www.selresources.com/sel/self-help-guides-kids-overcoming-difficult-emotions/
building-feelings-vocabulary-toddlers,Building a feelings vocabulary for toddlers,Building a feelings vocabulary for toddlers,,,"The &#8220;Feeling for Little Children&#8221; Series, written by Elizabeth Crary & Shari Steelsmith, teaches toddlers about feelings using song and pictures. Each book is about a specific feeling (Mad, Happy, Silly and Shy), and contains rhymes that teach emotion words, and the actions associated wi",,,,,https://www.selresources.com/sel/building-feelings-vocabulary-toddlers/
teaching-children-social-problem-solving-using-choose-ending-books,Teaching children social problem solving using choose,Teaching children social problem solving using choose,,,"The &#8220;Children&#8217;s Problem Solving&#8221; series, written by Elizabeth Crary,  is designed to teach preschool and early elementary school children problem-solving skills. Each book is about a specific social problem that most children can identify with, such as the frustration of waiting fo",,,,,https://www.selresources.com/sel/teaching-children-social-problem-solving-using-choose-ending-books/
choose-ending-books-feelings,Choose,Choose,,,"The &#8220;Dealing with Feelings&#8221; series, written by Elizabeth Crary, is about feelings (and the situations that provoke them) that many children can identify with. While each book acknowledges a feeling, the format allows children to explore different typical behavioral responses to such feel",,,,,https://www.selresources.com/sel/choose-ending-books-feelings/
picture-book-teaches-friendship-social-aggression-using-colors-numbers,"A picture book that teaches about friendship and social aggression, using colors and numbers","A picture book that teaches about friendship and social aggression, using colors and numbers",,,"&#8220;Two&#8221;, written by award winning author Kathryn Otoshi, is a beautifully simple, character-building children’s picture book about friendship, letting-go, self-discovery and growth. In her signature style using colors and numbers, this book tells the story of One and Two who were best frie",,,,,https://www.selresources.com/sel/picture-book-teaches-friendship-social-aggression-using-colors-numbers/
book-cultivating-mindfulness-children,A book for cultivating mindfulness in children,A book for cultivating mindfulness in children,,,"The Mindful Child, written by Susan Kaiser Greenland, provides adults with practical, easy-to-follow techniques and tools for teaching children about mindfulness, and cultivating mindfulness practices. Positively reviewed by leading thinkers and researchers in the field of mindfulness, this book int",,,,,https://www.selresources.com/sel/book-cultivating-mindfulness-children/
using-colors-and-numbers-to-teach-kids-to-stand-up-for-themselves-and-others-a-picture-book,Using colors and numbers to teach kids to stand up for themselves and others: A picture book,Using colors and numbers to teach kids to stand up for themselves and others,,,,,,,,https://www.selresources.com/sel/using-colors-and-numbers-to-teach-kids-to-stand-up-for-themselves-and-others-a-picture-book/
teaching-perspective-taking-through-the-eyes-of-an-ant-a-childs-picture-book,Teaching perspective,Teaching perspective,Phillip M,,"A charming, brightly illustrated children’s picture book, authored by Phillip M. Hoose & Hannah Hoose and illustrated by Debbie Tilley in 1998,  that stimulates learning of perspective-taking, empathy, tolerance and respect for diversity. A boy meets an ant and is about to squish it, but the ant urg",,,,,https://www.selresources.com/sel/teaching-perspective-taking-through-the-eyes-of-an-ant-a-childs-picture-book/
tools-to-create-an-atmosphere-of-non-violence-at-home-and-school,A Manual on Nonviolence and Children,A Manual on Nonviolence and Children,Stephanie Judson,1977,,A Manual on Nonviolence and Children,Stephanie Judson,9780865710368,https://covers.openlibrary.org/b/id/9263697-M.jpg,https://www.selresources.com/sel/tools-to-create-an-atmosphere-of-non-violence-at-home-and-school/
a-story-book-on-the-meaning-of-mindfulness,"Mindful Monkey, Happy Panda","Mindful Monkey, Happy Panda",Lauren Alderfer,2011,,"Mindful Monkey, Happy Panda",Lauren Alderfer,9780861716838,https://covers.openlibrary.org/b/id/12990419-M.jpg,https://www.selresources.com/sel/a-story-book-on-the-meaning-of-mindfulness/
mindfulness-exercises-for-parents-and-their-children,Sitting Still Like a Frog,Sitting Still Like a Frog,Eline Snel,2013,,Sitting still like a frog,Eline Snel,9781611800586,https://covers.openlibrary.org/b/id/12897973-M.jpg,https://www.selresources.com/sel/mindfulness-exercises-for-parents-and-their-children/
a-how-to-manual-of-mindfulness-practices-for-teens,The Mindful Teen,The Mindful Teen,,,,,,,,https://www.selresources.com/sel/a-how-to-manual-of-mindfulness-practices-for-teens/
transform-anger-into-connections-through-non-violent-communication,What’s Making You Angry?,What’s Making You Angry?,"Shari Klein, Neill Gibson",2004,,What's Making You Angry?,"Shari Klein, Neill Gibson",9781892005137,https://covers.openlibrary.org/b/id/940697-M.jpg,https://www.selresources.com/sel/transform-anger-into-connections-through-non-violent-communication/
the-golden-rule-for-emotionally-intelligent-parenting,Emotionally Intelligent Parenting,Emotionally Intelligent Parenting,"Maurice J. Elias, Steven E. Tobias",1998,,Emotionally intelligent parenting,"Maurice J. Elias, Steven E. Tobias",9786073116299,https://covers.openlibrary.org/b/id/11312719-M.jpg,https://www.selresources.com/sel/the-golden-rule-for-emotionally-intelligent-parenting/
a-guide-to-emotion-coaching-for-parents,Raising an Emotionally Intelligent Child,Raising an Emotionally Intelligent Child,John Mordechai Gottman,1998,"Published in 1998, this book serves as a guide to teaching children to understand and regulate their emotional world, with benefits of increased self-confidence, greater physical health, better school performance, and healthier social relationships. Written for parents, this book details a five-step",Raising an emotionally intelligent child,John Mordechai Gottman,9780684838656,https://covers.openlibrary.org/b/id/6827548-M.jpg,https://www.selresources.com/sel/a-guide-to-emotion-coaching-for-parents/
using-anger-positively-to-meet-needs,The Surprising Purpose of Anger,The Surprising Purpose of Anger,Marshall B. Rosenberg,2005,"Published in 2005, this book aims to challenge the reader that anger can be used positively, outlining four key truths: people or events may spark your anger caused by your own judgements, judging others prevents connection, being clear about your needs helps to identify solutions, and meeting your ",The Surprising Purpose of Anger: Beyond Anger Management,Marshall B. Rosenberg,9788415053453,https://covers.openlibrary.org/b/id/940699-M.jpg,https://www.selresources.com/sel/using-anger-positively-to-meet-needs/
classroom-management-for-canadian-educators,Principles of Classroom Management,Principles of Classroom Management,"Levin, James, James Levin",1991,"Written by Levin, Nolan, Kerr, Elliot, and Bajovic, the Fourth Canadian Edition of this book provides a theoretically-based, practical system for helping teachers prevent disruptive behaviour and promote appropriate behaviour. The system is rooted in three foundational principles: that teachers and ",Principles of classroom management,"Levin, James, James Levin",9780205381234,https://covers.openlibrary.org/b/id/138029-M.jpg,https://www.selresources.com/sel/classroom-management-for-canadian-educators/
implement-both-cooperation-and-competition-in-the-classroom,Learning Together and Alone,Learning Together and Alone,David W. Johnson,1975,,Learning together and alone,David W. Johnson,9780135286548,https://covers.openlibrary.org/b/id/3937911-M.jpg,https://www.selresources.com/sel/implement-both-cooperation-and-competition-in-the-classroom/
helping-eoretically-based, practical system for helping teachers prevent disruptive behaviour and promote appropriate behaviour. The system is rooted in three foundational principles: that teachers and ",Principles of classroom management,"Levin, James, James Levin",9780205381234,https://covers.openlibrary.org/b/id/138029-M.jpg,https://www.selresources.com/sel/classroom-management-for-canadian-educators/
implement-both-cooperation-and-competition-in-the-classroom,Learning Together and Alone,Learning Together and Alone,David W. Johnson,1975,,Learning together and alone,David W. Johnson,9780135286548,https://covers.openlibrary.org/b/id/3937911-M.jpg,https://www.selresources.com/sel/implement-both-cooperation-and-competition-in-the-classroom/
helping-young-people-learn-self-regulation,Helping Young People Learn Self,Helping Young People Learn Self,Matthew Penner Brad Chapin,2011,"Published in 2008, this book is designed to address children’s anger problems, academic performance challenges, and anxieties, as well as school safety issues, self-esteem, and more. The self-regulation training process is divided into three functional areas &#8212; physical, emotional, and cognitiv",Helping Young People Learn Self-Regulation,Matthew Penner Brad Chapin,9781598501124,,https://www.selresources.com/sel/helping-young-people-learn-self-regulation/
a-collaborative-system-for-school-improvement,Pyramids of Behaviour Interventions,Pyramids of Behaviour Interventions,,,"Published in 2011, this book aims to simplify the complexity of school improvement efforts to help schools create a positive learning environment in which both students and staff are inspired to do their best. Outlined is a system in which teachers work collaboratively to support both the learning a",,,,,https://www.selresources.com/sel/a-collaborative-system-for-school-improvement/
activities-discussions-and-assignments-for-middle-school-emotional-literacy,Emotional Literacy in the Middle School,Emotional Literacy in the Middle School,Marvin Maurer,2004,"Published in 2004, this book outlines a 6-step program that engages the intellectual, emotional, and social framework of the individual to develop self- and social-awareness, acquisition of a diverse vocabulary to identify and express emotional experiences, understand the relationships between thoug",Emotional Literacy in the Middle School,Marvin Maurer,9781887943741,https://covers.openlibrary.org/b/id/2090168-M.jpg,https://www.selresources.com/sel/activities-discussions-and-assignments-for-middle-school-emotional-literacy/
games-role-plays-and-worksheets-for-teaching-empathy,Teaching Children Empathy,Teaching Children Empathy,Tonia Caselman,2007,"Published in 2007, this book provides teachers, counselors, school social workers, psychologists, and other professional caregivers with a variety of activities to help K-6 students think about and practice strategies to foster empathy, connectedness with others, and perspective-taking, helping scho","Teaching Children Empathy, The Social Emotion",Tonia Caselman,9781598500141,,https://www.selresources.com/sel/games-role-plays-and-worksheets-for-teaching-empathy/
a-morning-routine-to-foster-community,The Morning Meeting Book,The Morning Meeting Book,Roxann Kriete,1999,"Published in 2002, this book describes the Morning Meeting, a daily routine designed for use at the beginning of the school day to bring students and teachers together in a circle to greet one another, share and respond to each other’s news, think and play together, and prepare for the events of the",The morning meeting book,Roxann Kriete,9781892989093,https://covers.openlibrary.org/b/id/942077-M.jpg,https://www.selresources.com/sel/a-morning-routine-to-foster-community/
teach-students-connections-between-behaviours-and-consequences,Social Behaviour Mapping,Social Behaviour Mapping,,,"Published in 2010, this book outlines the concept of Social Behaviour Mapping (SBM), which teaches students how their “expected” versus “unexpected” behaviour impacts others, and feelings about themselves and the people around them. The tool also helps students develop a better understanding of how ",,,,,https://www.selresources.com/sel/teach-students-connections-between-behaviours-and-consequences/
strategies-for-students-to-foster-friendships,Making Friends,Making Friends,,,"Published in 1991, this book aims includes ideas and strategies for fostering positive relationships, with the primary message that if you want friendship, you must be a friend first. The author outlines elements of making friends such as prevailing over gossip, pettiness and anger, judging others, ",,,,,https://www.selresources.com/sel/strategies-for-students-to-foster-friendships/
exercises-to-enhance-relationships-and-reduce-conflict,Life,Life,,,"Published in 2003, this book describes the process of life-enriching education, with a goal of educating this and future generations of children to create organizations to meet human needs and enhance education. The author describes key elements of life-enriching education for parents, teachers, and",,,,,https://www.selresources.com/sel/exercises-to-enhance-relationships-and-reduce-conflict/
developing-multiple-intelligences-to-create-civic-minded-students,EQ + IQ = Best Leadership Practices,EQ + IQ = Best Leadership Practices,,,"Published in 2003, this book suggests that combining emotional intelligence (EQ) with academic intelligence (IQ) is essential for developing knowledgeable, caring, healthy, and successful students in today’s world. It also suggests that social-emotional learning (SEL) skills enable students to maste",,,,,https://www.selresources.com/sel/developing-multiple-intelligences-to-create-civic-minded-students/
working-through-scenarios-and-illustrations-to-develop-empathy-trust-and-respect,Teaching Our Children Caring,Teaching Our Children Caring,,,"Published in 1996, this book emphasizes the necessity of imparting caring attitudes and teaching caring skills to children. Included are parts which focus on parents teaching caring attitudes, as well as 13 session outlines addressing topics such as empathy, trust, and respect. It details a program ",,,,,https://www.selresources.com/sel/working-through-scenarios-and-illustrations-to-develop-empathy-trust-and-respect/
tribes-a-process-to-develop-communities-and-collaboration-in-schools,TRIBES book,TRIBES book,,,"Published in 2007, this book outlines the why, what, and how of using the process of Tribes Learning Communities® for individuals at the management and leadership level. Facilitating the process outlined in this book is intended to develop community and collaboration throughout the entire educationa",,,,,https://www.selresources.com/sel/tribes-a-process-to-develop-communities-and-collaboration-in-schools/
equipping-students-with-friendship-building-skills,"Nobody Likes Me, Everybody Hates Me","Nobody Likes Me, Everybody Hates Me","Michele, Ed.D. Borba",2005,"Published in 2005, this book is a resource designed for parents and teachers of children aged 4-15 to resolve problems such as a child being left out by other kids, following the crowd, or helping a child handle issues such as being too competitive or shy. Based on a survey of 5000 teachers, its goa","Nobody Likes Me, Everybody Hates Me","Michele, Ed.D. Borba",9780787976620,https://covers.openlibrary.org/b/id/549395-M.jpg,https://www.selresources.com/sel/equipping-students-with-friendship-building-skills/
activities-to-recognize-control-and-utilize-anger,A Volcano in My Tummy,A Volcano in My Tummy,"Warwick Pudney, Eliane Whitehouse",1994,"Published in 1996, this resource book for teachers, parents, and caregivers is about living successfully, non-violently, without fear and with good relationships. Goals of this book include awareness of anger, distinguishing between emotions and behaviour, learning alternatives to physical and verba",A volcano in my tummy,"Warwick Pudney, Eliane Whitehouse",9781771423557,https://covers.openlibrary.org/b/id/7315664-M.jpg,https://www.selresources.com/sel/activities-to-recognize-control-and-utilize-anger/
a-resource-for-educators-to-develop-empathic-intelligence,Empathic Intelligence,Empathic Intelligence,Roslyn Arnold,2005,"Published in 2005, this book aims to provide new and experienced teachers, leaders, and others with influencing conceptual frameworks to develop a personally meaningful theoretical position regarding empathic intelligence. It outlines how to model empathic intelligence to those with whom they intera",Empathic Intelligence,Roslyn Arnold,9780868405919,https://covers.openlibrary.org/b/id/2671431-M.jpg,https://www.selresources.com/sel/a-resource-for-educators-to-develop-empathic-intelligence/
using-interactive-theatre-techniques-to-enhance-communication,The Hope is Vital Training Manual,The Hope is Vital Training Manual,,,"Published in 1998, this book is a collection of interactive theatre techniques designed to give educators, community workers, youth and others tools to engage in community dialogue and problem solving. It follows an arc, beginning with warmup and bridge activities designed to first build trust, focu",,,,,https://www.selresources.com/sel/using-interactive-theatre-techniques-to-enhance-communication/
an-exploration-of-cultural-diversity-through-art,We Are All Related,We Are All Related,,,"Published in 1996, this book is a collection of art accompanied by written commentary, created by a Canadian, cross-cultural group of 8- to 12-year-old students from diverse backgrounds. It was created in an effort to break down stereotypes and foster understanding between groups through work which ",,,,,https://www.selresources.com/sel/an-exploration-of-cultural-diversity-through-art/
practical-strategies-and-techniques-for-behaviour-management,Getting the Buggers to Behave,Getting the Buggers to Behave,Sue Cowley,2010,"Published in 2010, Getting the Buggers to Behave provides practical ideas and equips teachers with realistic strategies for classroom management that can be put to immediate use with students and youth in an effort to have them meet behavioural expectations. Included are sections describing the basi",Getting the buggers to behave,Sue Cowley,9781472909213,https://covers.openlibrary.org/b/id/8654064-M.jpg,https://www.selresources.com/sel/practical-strategies-and-techniques-for-behaviour-management/
a-youth-specific-assertiveness-model,A Youth,A Youth,,,"Safeteen is an assertiveness training program designed to promote youth empowerment and safety in schools. Published in 2001, this book includes a breakdown of the skills that are taught within the Safeteen programs, and the issues which underscore the work. Included are contemporary scenarios of te",,,,,https://www.selresources.com/sel/a-youth-specific-assertiveness-model/
inspiring-teens-to-persevere,The Courage to Change,The Courage to Change,,,"Published in 2001, this book is a compilation of stories and poems written by youth who speak honestly about the devastating effect of violence on their lives, with an emphasis on hope and courage in the face of adversity. These pieces offer insight into their experiences, and their ability to endur",,,,,https://www.selresources.com/sel/inspiring-teens-to-persevere/
empowering-teen-leaders-in-bully-prevention,Bully Busters Book,Bully Busters Book,John William Yee,1997,"This book, published in 2012, outlines the Bully Busters Program for High School, a schoolwide program that focuses on empowering older students who serve as peer mentors. These students are selected and undergo intensive training to lead small group sessions for younger students on bullying-related","The Bully Buster Book (Streetproofing for Kids Series , Vol 1)",John William Yee,9781896212036,https://covers.openlibrary.org/b/id/2101161-M.jpg,https://www.selresources.com/sel/empowering-teen-leaders-in-bully-prevention/
a-comprehensive-school-based-approach-to-bullying-prevention-and-intervention,The Anti,The Anti,Dr,,"The Anti-Bullying Handbook, written by Dr. Keith Sullivan in New Zealand, provides a comprehensive overview of the key issues in bullying, and extensive information on bullying prevention and intervention. Published in 2000, the book focuses on four goals, as summarized by Sullivan in the introducti",,,,,https://www.selresources.com/sel/a-comprehensive-school-based-approach-to-bullying-prevention-and-intervention/
how-teachers-can-support-moral-development-in-their-classrooms,Nice is Not Enough,Nice is Not Enough,C. J. Pascoe,2023,"Nice is Not Enough, written by Larry Nucci, provides an in-depth understanding of moral development from the early elementary school ages through to high school, and is a practical guide for teachers to support moral and social development in their classrooms. Published in 2009, the book is organize",Nice Is Not Enough,C. J. Pascoe,9780520418332,https://covers.openlibrary.org/b/id/14720044-M.jpg,https://www.selresources.com/sel/how-teachers-can-support-moral-development-in-their-classrooms/
a-curriculum-for-teaching-non-violence-to-children,The Compassionate Classroom,The Compassionate Classroom,"Sura Hart, Victoria Kindle Hodson",2004,"The Compassionate Classroom, written by Sura Hart and Victoria Kindle Hodson, provides a curriculum and tools for teaching nonviolent communication to elementary students. Published in 2004, the book describes a relationship-centered classroom model that aims to reduce conflict and improve trust, co",The compassionate classroom,"Sura Hart, Victoria Kindle Hodson",9781892005069,https://covers.openlibrary.org/b/id/940690-M.jpg,https://www.selresources.com/sel/a-curriculum-for-teaching-non-violence-to-children/
beyond-blaming-a-book-of-tools-for-students-to-help-them-resolve-conflict,The No,The No,,,"The no-fault classroom, written by Sura Hart and Victoria Kindle Hodson, provides a curriculum and tools that help students ages seven to twelve develop the understanding and skills to resolve conflicts themselves, in ways that considers everyone’s needs. Published in 2008, this book details 18 modu",,,,,https://www.selresources.com/sel/beyond-blaming-a-book-of-tools-for-students-to-help-them-resolve-conflict/
comparing-different-approaches-to-addressing-cases-of-bullying,Bullying Interventions in Schools,Bullying Interventions in Schools,Dr,2010,"Bullying Interventions in Schools, authored by Dr. Ken Rigby, a renowned scholar in school bullying, is an examination of six bullying intervention methods that engage directly with actual cases of bullying. First published in 2010, the book provides a detailed understanding of the following six app",Bullying interventions in schools,Ken Rigby,9780864319579,,https://www.selresources.com/sel/comparing-different-approaches-to-addressing-cases-of-bullying/
considering-the-viewpoints-of-bullies-and-victims-in-addressing-the-problem-the-method-of-shared-concern,The Method of Shared Concern book,The Method of Shared Concern book,Dr,,"Authored by Dr. Ken Rigby in Australia, an internationally recognized scholar on school bullying, this book offers an in-depth understanding of the Method of Shared Concern, a multistage process for dealing with bullying in schools. Based on a program originally developed by Anatol Pikas, a Swedish ",,,,,https://www.selresources.com/sel/considering-the-viewpoints-of-bullies-and-victims-in-addressing-the-problem-the-method-of-shared-concern/
a-book-for-understanding-and-addressing-bullying-in-schools,A book for addressing bullying in schools,A book for addressing bullying in schools,,,"Bullying Prevention and Intervention, authored by Swearer, Espelage, and Napolitano, offers research-based information and practical strategies for dealing with bullying in schools. Published in 2009, the book is organized into nine chapters, beginning with a comprehensive understanding of the bully",,,,,https://www.selresources.com/sel/a-book-for-understanding-and-addressing-bullying-in-schools/
a-useful-book-on-implementing-sel-in-grades-k-to-12,A practical book for implementing SEL in classrooms,A practical book for implementing SEL in classrooms,K.W,,"Social and Emotional Learning in the Classroom, authored by K.W. Merrell and B.A. Gueldner, offers comprehensive yet practical information for implementing SEL in grades K to 12. Published in 2010 as part of Guilford’s Practical Intervention in Schools Series, this book provides clear, objective gui",,,,,https://www.selresources.com/sel/a-useful-book-on-implementing-sel-in-grades-k-to-12/