handle,title,vendor,product_type,tags,age_tags,theme_tags,price,isbn,image,description,url
"body-boundaries-make-me-stronger","Body Boundaries Make Me Stronger","World of Kids Books","Books","Bestseller|Classroom & Library Favorites|Counselor Pick|Featured|Feelings & Emotional Regulation|Routines & Everyday Life Skills|World of Kids' Emotions","","Feelings & Emotional Regulation|Routines & Everyday Life Skills|World of Kids' Emotions","16.99","","https://cdn.shopify.com/s/files/1/0691/5368/5613/files/Make_the_background_canvas_lig_Nano_Banana_2_65161.png?v=1778187308","Clear, calm, and empowering, Body Boundaries Make Me Stronger gives young children an age-appropriate introduction to personal space, consent, and body safety. Written for ages 3–8, this thoughtful picture book helps kids understand how to set boundaries, respect others’ limits, and feel more confident using their voice. It’s a valuable resource for parents, teachers, counselors, and librarians looking for a supportive way to start important conversations at home, in the classroom, or in counsel","https://www.worldofkidsbooks.com/products/body-boundaries-make-me-stronger"
"honesty-makes-me-stronger","Honesty Makes Me Stronger","World of Kids Books","Books","Classroom & Library Favorites|Counselor Pick|Featured|Kindness & Friendship|New|Routines & Everyday Life Skills|World of Kids' Emotions","","Kindness & Friendship|New|Routines & Everyday Life Skills|World of Kids' Emotions","16.99","","https://cdn.shopify.com/s/files/1/0691/5368/5613/files/Make_the_background_canvas_lig_Nano_Banana_2_94454.png?v=1778187255","Telling the truth can be hard, especially when small lies feel easier in the moment. Honesty Makes Me Stronger follows Little Nick as he learns that honesty builds trust, strengthens relationships, and takes real courage. Written for ages 3–8, this engaging picture book offers a relatable way to talk about lying, truthfulness, and accountability with young children. It’s a thoughtful choice for parents, teachers, counselors, and librarians looking to encourage character growth through warm story","https://www.worldofkidsbooks.com/products/honesty-makes-me-stronger"
"i-am-stronger-than-anger","I Am Stronger Than Anger","World of Kids Books","Books","Bestseller|Classroom & Library Favorites|Counselor Pick|Featured|Feelings & Emotional Regulation|Mindfulness & Calm-Down Tools|World of Kids' Emotions","","Feelings & Emotional Regulation|Mindfulness & Calm-Down Tools|World of Kids' Emotions","16.99","","https://cdn.shopify.com/s/files/1/0691/5368/5613/files/Make_the_background_canvas_pin_Nano_Banana_2_07438.png?v=1778187225","Help children understand anger, calm big feelings, and build healthier ways to respond. I Am Stronger Than Anger is a warm, engaging picture book that helps young readers recognize frustration and anger while learning simple, age-appropriate tools for self-regulation and problem solving. Perfect for ages 3–8, this story gives parents, teachers, counselors, and librarians a gentle way to start important conversations about emotions, behavior, and self-control. Rather than simply telling children ","https://www.worldofkidsbooks.com/products/i-am-stronger-than-anger"
"i-am-stronger-than-anxiety","I Am Stronger Than Anxiety","World of Kids Books","Books","Feelings & Emotional Regulation|Mindfulness & Calm-Down Tools|World of Kids' Emotions","","Feelings & Emotional Regulation|Mindfulness & Calm-Down Tools|World of Kids' Emotions","16.99","","https://cdn.shopify.com/s/files/1/0691/5368/5613/files/Make_the_background_canvas_bri_Nano_Banana_2_48980.png?v=1778545353","Worries can feel very big to a little child—and I Am Stronger Than Anxiety gives young readers a gentle, reassuring way to understand those feelings. Written for ages 3–8, this engaging picture book introduces simple coping tools like deep breathing, calming strategies, and confidence-building language that children can carry into everyday life. Warm, relatable, and encouraging, it’s a thoughtful addition to home libraries, classrooms, counseling offices, and anywhere adults are helping kids nav","https://www.worldofkidsbooks.com/products/i-am-stronger-than-anxiety"
"i-am-stronger-than-frustration","I Am Stronger Than Frustration","World of Kids Books","Books","Feelings & Emotional Regulation|Mindfulness & Calm-Down Tools|New|World of Kids' Emotions","","Feelings & Emotional Regulation|Mindfulness & Calm-Down Tools|New|World of Kids' Emotions","16.99","","https://cdn.shopify.com/s/files/1/0691/5368/5613/files/Make_the_background_canvas_lig_Nano_Banana_2_66584.png?v=1778187185","Help children work through frustration, stay calm, and build healthy self-regulation skills. I Am Stronger Than Frustration is a warm, engaging social-emotional picture book that teaches simple mindfulness tools for managing frustration, stress, and other big feelings in ways young children can understand. It is positioned for ages 3–8 and is part of Elizabeth Cole’s “World of Kids’ Emotions” series. Perfect for parents, teachers, counselors, and librarians, this encouraging story helps children","https://www.worldofkidsbooks.com/products/i-am-stronger-than-frustration"
"kindness-makes-me-stronger","Kindness Makes Me Stronger","World of Kids Books","Books","Bestseller|Classroom & Library Favorites|Counselor Pick|Feelings & Emotional Regulation|Kindness & Friendship|World of Kids' Emotions","","Feelings & Emotional Regulation|Kindness & Friendship|World of Kids' Emotions","16.99","","https://cdn.shopify.com/s/files/1/0691/5368/5613/files/Make_the_background_canvas_bri_Nano_Banana_2_91694.png?v=1778542933","Kindness has a ripple effect—and Kindness Makes Me Stronger shows young readers just how powerful small acts of empathy and respect can be. Written for ages 3–8, this engaging picture book follows a heartfelt story that encourages children to notice the feelings of others, choose compassion, and understand that kindness is one of the strongest qualities they can grow. Warm, approachable, and easy to share, it’s a wonderful fit for families, classrooms, counseling offices, and library collections","https://www.worldofkidsbooks.com/products/kindness-makes-me-stronger"
"mindfulness-makes-me-stronger","Mindfulness Makes Me Stronger","World of Kids Books","Books","Classroom & Library Favorites|Feelings & Emotional Regulation|Mindfulness & Calm-Down Tools|World of Kids' Emotions","","Feelings & Emotional Regulation|Mindfulness & Calm-Down Tools|World of Kids' Emotions","12.99","","https://cdn.shopify.com/s/files/1/0691/5368/5613/files/Make_the_background_canvas_yel_Nano_Banana_2_74936.png?v=1778539776","If your child struggles with focus or anxiety, this book is the perfect introduction to mindfulness. Through Nick's story, kids learn practical ways to calm their minds and stay present. Parents know it's tough to help kids manage distraction, worry, and big feelings. This book makes it easy. Nick's dad teaches him simple breathing techniques and mindfulness exercises that actually work—and kids love learning them. Packed with charming hand-drawn illustrations and fun rhymes, this picture book w","https://www.worldofkidsbooks.com/products/mindfulness-makes-me-stronger"
"my-feelings-make-me-stronger","My Feelings Make Me Stronger","World of Kids Books","Books","Counselor Pick|Feelings & Emotional Regulation|Mindfulness & Calm-Down Tools|World of Kids' Emotions","","Feelings & Emotional Regulation|Mindfulness & Calm-Down Tools|World of Kids' Emotions","12.99","","https://cdn.shopify.com/s/files/1/0691/5368/5613/files/Make_the_background_canvas_bri_Nano_Banana_2_64622.png?v=1778543025","My Feelings Make Me Stronger is a gentle children’s book that helps young readers understand, name, and manage their emotions. The story follows Nick, a young boy who is having trouble recognizing what he feels. As his journey unfolds, friendly animal characters help him explore different emotions, including frustration, fear, worry, shyness, happiness, sadness, and anger. Through simple examples children can relate to, Nick learns that every feeling has a name — and that understanding our emoti","https://www.worldofkidsbooks.com/products/my-feelings-make-me-stronger"
"my-way-to-being-me","My Way to Being Me","World of Kids Books","Books","Classroom & Library Favorites|Confidence & Self-Esteem|Counselor Pick|Kindness & Friendship|My Way|New","","Confidence & Self-Esteem|Kindness & Friendship|My Way|New","12.99","","https://cdn.shopify.com/s/files/1/0691/5368/5613/files/Make_the_background_canvas_bri_Nano_Banana_2_28581.png?v=1778544922","Every child deserves to feel comfortable in their own skin, and My Way to Being Me celebrates that journey with warmth, encouragement, and heart. Written for ages 4–8, this inspiring picture book helps young readers build confidence, develop a growth mindset, and embrace who they are. With uplifting storytelling and a reassuring message about self-worth, it’s a meaningful choice for parents, teachers, counselors, and librarians looking for books that support confidence, resilience, and emotional","https://www.worldofkidsbooks.com/products/my-way-to-being-me"
"my-way-to-good-choices","My Way to Good Choices","World of Kids Books","Books","Bestseller|Classroom & Library Favorites|Counselor Pick|Mindfulness & Calm-Down Tools|My Way|Routines & Everyday Life Skills","","Mindfulness & Calm-Down Tools|My Way|Routines & Everyday Life Skills","16.99","","https://cdn.shopify.com/s/files/1/0691/5368/5613/files/Make_the_background_canvas_bri_Nano_Banana_2_09196.png?v=1778545049","Choices shape how children move through the world, and My Way to Good Choices gives young readers a relatable, encouraging way to think about their actions. Centered on Little Melissa, this engaging picture book explores positive behavior, honesty, respect, and responsibility while helping children understand that their decisions have real consequences. Written for ages 3–8, it’s a thoughtful pick for parents, teachers, counselors, and librarians who want a warm, story-driven resource for talkin","https://www.worldofkidsbooks.com/products/my-way-to-good-choices"
"my-way-to-good-manners","My Way to Good Manners","World of Kids Books","Books","Kindness & Friendship|My Way|Routines & Everyday Life Skills","","Kindness & Friendship|My Way|Routines & Everyday Life Skills","12.99","","https://cdn.shopify.com/s/files/1/0691/5368/5613/files/Make_the_background_canvas_bri_Nano_Banana_2_54159.png?v=1778545142","My Way to Good Manners is a charming children’s book that helps young readers understand why manners matter — at home, at school, at the table, and with friends. The story follows Melissa, a young girl who is still learning how to treat others with kindness and respect. At first, her behavior makes it hard for other children to want to play with her. But as the story unfolds, Melissa begins to understand how small polite choices — like saying “please,” taking turns, listening, sharing, and using","https://www.worldofkidsbooks.com/products/my-way-to-good-manners"
"my-way-to-keep-anger-away","My Way to Keep Anger Away","World of Kids Books","Books","Feelings & Emotional Regulation|Mindfulness & Calm-Down Tools|My Way","","Feelings & Emotional Regulation|Mindfulness & Calm-Down Tools|My Way","16.99","","https://cdn.shopify.com/s/files/1/0691/5368/5613/files/Make_the_background_canvas_bri_Nano_Banana_2_38224.png?v=1778545115","Big feelings can rise fast, and My Way to Keep Anger Away gives children a gentle, encouraging path toward calmer responses. In this heartwarming picture book, Melissa sets off on a magical underwater adventure where sea animals share fun, practical techniques for managing anger in healthy, positive ways. Written for young readers, it’s a thoughtful choice for parents, teachers, counselors, and librarians looking for an engaging story that supports emotional regulation, coping skills, and everyd","https://www.worldofkidsbooks.com/products/my-way-to-keep-anger-away"
"my-way-to-kindness","My Way to Kindness","World of Kids Books","Books","Kindness & Friendship|My Way|Routines & Everyday Life Skills","","Kindness & Friendship|My Way|Routines & Everyday Life Skills","12.99","","https://cdn.shopify.com/s/files/1/0691/5368/5613/files/Make_the_background_canvas_red_Nano_Banana_2_17639.png?v=1778544980","My Way to Kindness is a sweet and engaging children’s book that helps young readers understand what kindness looks like in everyday life. Through a lighthearted rhyming story, children follow Melissa into a magical dreamland filled with cupcakes, muffins, brownies, donuts, and other charming characters. Along the way, Melissa learns that kindness can be shown in many simple but meaningful ways — sharing, helping others, using polite words, showing gratitude, including others, and treating everyo","https://www.worldofkidsbooks.com/products/my-way-to-kindness"
"my-way-to-making-friends","My Way to Making Friends","World of Kids Books","Books","Confidence & Self-Esteem|Kindness & Friendship|My Way","","Confidence & Self-Esteem|Kindness & Friendship|My Way","16.99","","https://cdn.shopify.com/s/files/1/0691/5368/5613/files/Make_the_background_canvas_bri_Nano_Banana_2_90032.png?v=1778545258","Making friends can feel exciting, awkward, and a little overwhelming all at once—and My Way to Making Friends gives children a warm, encouraging guide for those moments. Written for young readers, this engaging picture book explores friendship, inclusion, and the social skills that help children connect with others in kind and confident ways. With relatable storytelling and a reassuring tone, it’s a thoughtful choice for parents, teachers, counselors, and librarians looking to support healthy pe","https://www.worldofkidsbooks.com/products/my-way-to-making-friends"
"nala-the-narwhal-learns-to-make-friends","Nala the Narwhal Learns to Make Friends","World of Kids Books","Books","Classroom & Library Favorites|Confidence & Self-Esteem|Counselor Pick|Featured|Kindness & Friendship|Nala the Narwhal|New","","Confidence & Self-Esteem|Kindness & Friendship|Nala the Narwhal|New","16.99","","https://cdn.shopify.com/s/files/1/0691/5368/5613/files/Make_the_background_canvas_pur_Nano_Banana_2_19383.png?v=1778187070","This title is available for preorder. It will be released on July 14, 2026. Nala the Narwhal Learns to Make Friends is a sparkling, engaging picture book for ages 3–5 that helps young children navigate first-friend jitters with warmth, humor, and heart. When Nala feels nervous, her rainbow colors turn bright pink—but with gentle encouragement, she discovers that a smile and a simple “hello” can be the start of something wonderful. With its enchanting undersea world, relatable emotional hook, and","https://www.worldofkidsbooks.com/products/nala-the-narwhal-learns-to-make-friends"
"our-diversity-makes-us-stronger","Our Diversity Makes Us Stronger","World of Kids Books","Books","Bestseller|Classroom & Library Favorites|Confidence & Self-Esteem|Counselor Pick|Featured|Kindness & Friendship|World of Kids' Emotions","","Confidence & Self-Esteem|Kindness & Friendship|World of Kids' Emotions","16.99","","https://cdn.shopify.com/s/files/1/0691/5368/5613/files/Make_the_background_canvas_yel_Nano_Banana_2_51585.png?v=1778187020","Our Diversity Makes Us Stronger has been selected by the California Teachers Association (CTA) as a California Reads 2024-2025 Recommended Book! If you want to teach your child to accept himself and others as they are, then this picture book about diversity will be your best assistant. It will help your little ones to respect all the differences that make us unique. In this kids’ book, our little hero named Nick will show your children that we all are different in many ways, and everyone is uniq","https://www.worldofkidsbooks.com/products/our-diversity-makes-us-stronger"
"patch-work-bee-brave-bee-kind-bee-you","Patch Work: Bee Brave. Bee Kind. Bee You.","World of Kids Books","Books","Confidence & Self-Esteem|Featured|Preorder","","Confidence & Self-Esteem|Preorder","19.99","","https://cdn.shopify.com/s/files/1/0691/5368/5613/files/Make_the_background_canvas_bri_Nano_Banana_2_85662.png?v=1779138265","This title is available for preorder. It will be released on October 13, 2026. You don't have to change what you love to be yourself. Help young readers embrace what makes them special with Craig Conover's Patch Work: Bee Brave. Bee Kind. Bee You. Little Craig loves making things. When his teacher announces they'll have a talent show, he's excited to share what he's proud of most: sewing. After a classmate makes fun of him and a few kids laugh along, Little Craig starts to feel embarrassed and u","https://www.worldofkidsbooks.com/products/patch-work-bee-brave-bee-kind-bee-you"
"perserverance-makes-me-stronger","Perseverance Makes Me Stronger","World of Kids Books","Books","Feelings & Emotional Regulation|Routines & Everyday Life Skills|World of Kids' Emotions","","Feelings & Emotional Regulation|Routines & Everyday Life Skills|World of Kids' Emotions","12.99","","https://cdn.shopify.com/s/files/1/0691/5368/5613/files/Make_the_background_canvas_bri_Nano_Banana_2_97756.png?v=1778544032","Perseverance Makes Me Stronger is an inspiring children’s book about confidence, resilience, and learning not to give up. The story follows Nick, a young boy who is excited to learn how to roller skate. But when skating turns out to be harder than he expected, Nick feels frustrated, discouraged, and unsure of himself. With practice, patience, and encouragement, he begins to understand that mistakes are part of learning — and that he can keep trying even when something feels difficult. This socia","https://www.worldofkidsbooks.com/products/perserverance-makes-me-stronger"
"world-of-kids-emotions-hardcover-box-set","World of Kids Emotions 5-Book Hardcover Box Set","World of Kids Books","Box Set","Confidence & Self-Esteem|Counselor Pick|Kindness & Friendship|World of Kids' Emotions","","Confidence & Self-Esteem|Kindness & Friendship|World of Kids' Emotions","44.99","","https://cdn.shopify.com/s/files/1/0691/5368/5613/files/Make_the_background_canvas_bri_Nano_Banana_2_63923.png?v=1778544331","5 Hardcover Books + FREE Bonus Paperback $44.99 · $97.94 Value if Purchased Individually · FREE U.S. Shipping The five hardcover books alone are an $84.95 value when purchased individually . For a limited time, you'll also receive a FREE paperback copy of the bestselling Body Boundaries Make Me Stronger — a $12.99 value. Help kids feel ready for big feelings, new experiences, and everyday challenges. The World of Kids Emotions 5-Book Hardcover Box Set gives children ages 4–8 practical, kid-frien","https://www.worldofkidsbooks.com/products/world-of-kids-emotions-hardcover-box-set"
"world-of-kids-emotions-softcover-box-set","World of Kids Emotions 8-Book Softcover Box Set","World of Kids Books","Box Set","Classroom & Library Favorites|Confidence & Self-Esteem|Counselor Pick|Feelings & Emotional Regulation|World of Kids' Emotions","","Confidence & Self-Esteem|Feelings & Emotional Regulation|World of Kids' Emotions","49.99","","https://cdn.shopify.com/s/files/1/0691/5368/5613/files/Make_the_background_canvas_bri_Nano_Banana_2_38626.png?v=1778543880","8 Softcover Books · A Complete SEL Toolkit $49.99 · $103.92 Value if Purchased Individually · FREE U.S. Shipping The eight softcover books are a $103.92 value when purchased individually . Get the complete collection together for just $49.99 — a savings of more than 50%. Help kids feel ready for big feelings, new experiences, and everyday challenges. The World of Kids Emotions 8-Book Softcover Box Set gives children ages 4–8 practical, kid-friendly tools for navigating anger, anxiety, kindness, ","https://www.worldofkidsbooks.com/products/world-of-kids-emotions-softcover-box-set"