title,authors,publisher,year,rating,ratings_count,pages,domain,tags,framework_ref,categories,isbn,url,summary,source,collected_at
Working with Emotional Intelligence,Daniel Goleman,Bantam,2000,5,1,402,Professional Effectiveness,career|performance|success,goleman,Business & Economics,9780553378580,http://books.google.com/books?id=0Zzcd8k6TNEC&dq=emotional+intelligence&hl=&as_pt=BOOKS&source=gbs_api,"Do you have what it takes to succeed in your career? The secret of success is not what they taught you in school. What matters most is not IQ, not a business school degree, not even technical know-how or years of expertise. The single most important factor in job performance and advancement is emotional intelligence. Emotional intelligence is actually a set of skills that anyone can acquire, and in this practical guide, Daniel Goleman identifies them, explains their importance, and shows how the",Google Books,2026-08-30
The Educator's Guide to Emotional Intelligence and Academic Achievement,"Maurice J. Elias, Harriett Arnold",Corwin Press,2006,5,1,297,Professional Effectiveness,professional-development|success|achievement,goleman,Education,9781412914819,http://books.google.com/books?id=FKcGe7ivEOEC&dq=emotional+intelligence&hl=&as_pt=BOOKS&source=gbs_api,"Tap the power of emotional intelligence and watch school-wide achievement soar!""Bringing all this information together in one spot is quite a contribution. There isn′t too much research or theory here, but lots of emphasis on ′What can I do on Monday?′"" -David A. Squires, Associate Professor, Southern Connecticut State University""I highlighted at least two dozen specific ideas that I will implement in my classroom next year."" -Steve Reifman, Teacher, Santa Monica-Malibu Unified School District, ",Google Books,2026-08-30
"Emotional Intelligence : 21 Effective Tips To Boost Your EQ (A Practical Guide To Mastering Emotions, Improving Social Skills & Fulfilling Relationships For A Happy And Successful Life )",Alison L. Alverson,Alison L. Alverson,2019,5,1,67,Self-Management,motivation|self-regulation,goleman,Self-Help,,https://play.google.com/store/books/details?id=0ibfDwAAQBAJ&source=gbs_api,"If you want to fulfill your emotional potential and create a content life full of strong and rewarding relationships, then keep reading … Have you ever found yourself doing or saying something in the heat of the moment that you later regretted? Perhaps you laid awake all night wondering why you had spoken or acted in this way. Can you recall more than one occasion where you lost control of yourself and it felt as if something else had taken over you? Don't worry. You're not alone. The thing that",Google Books,2026-08-30
Working With Emotional Intelligence,Daniel Goleman,Bantam,2011,5,1,388,Professional Effectiveness,career|performance|success,goleman,Business & Economics,9780553903218,https://play.google.com/store/books/details?id=9nuVVzkblNgC&source=gbs_api,"Do you have what it takes to succeed in your career? The secret of success is not what they taught you in school. What matters most is not IQ, not a business school degree, not even technical know-how or years of expertise. The single most important factor in job performance and advancement is emotional intelligence. Emotional intelligence is actually a set of skills that anyone can acquire, and in this practical guide, Daniel Goleman identifies them, explains their importance, and shows how the",Google Books,2026-08-30
The Oxford Handbook of Compassion Science,"Emma Seppala, Emiliana Simon-Thomas, Stephanie L. Brown, Monica C. Worline, C. Daryl Cameron, James Robert Doty",Oxford University Press,2017,5,1,557,Social Awareness,compassion,none,Psychology,9780190464684,http://books.google.com/books?id=eYY0DwAAQBAJ&dq=empathy+compassion&hl=&as_pt=BOOKS&source=gbs_api,"With contributions from well-established scholars as well as young rising stars in the field, this Handbook bridges a wide variety of diverse perspectives, research methodologies, and theory, and provides a foundation for this new and rapidly growing field.",Google Books,2026-08-30
Empathy and Moral Development,Martin L. Hoffman,Cambridge University Press,2001,5,1,346,Social Awareness,empathy|compassion,none,Philosophy,9780521012973,http://books.google.com/books?id=ose5vtvDoBoC&dq=empathy+compassion&hl=&as_pt=BOOKS&source=gbs_api,"Contemporary theories have generally focused on either the behavioral, cognitive or emotional dimensions of prosocial moral development. In this volume, these three dimensions are brought together while providing the first comprehensive account of prosocial moral development in children. The main concept is empathy - one feels what is appropriate for another person's situation, not one's own. Hoffman discusses empathy's role in five moral situations. The book's focus is empathy's contribution to",Google Books,2026-08-30
Emotional Intelligence,Daniel Goleman,Bantam,2012,4,6,386,Self-Awareness,self-awareness,goleman,Self-Help,9780553903201,https://play.google.com/store/books/details?id=OgXxhmGiRB0C&source=gbs_api,"#1 BESTSELLER • The groundbreaking book that redefines what it means to be smart, with a new introduction by the author “A thoughtfully written, persuasive account explaining emotional intelligence and why it can be crucial.”—USA Today Everyone knows that high IQ is no guarantee of success, happiness, or virtue, but until Emotional Intelligence, we could only guess why. Daniel Goleman's brilliant report from the frontiers of psychology and neuroscience offers startling new insight into our “two ",Google Books,2026-08-30
Mindset,Carol S. Dweck,Random House,2006,4,13,322,Self-Management,resilience|growth-mindset,none,Psychology,9781400062751,http://books.google.com/books?id=fT6U0Ee7_kQC&dq=growth+mindset&hl=&as_pt=BOOKS&source=gbs_api,"From the renowned psychologist who introduced the world to “growth mindset” comes this updated edition of the million-copy bestseller—featuring transformative insights into redefining success, building lifelong resilience, and supercharging self-improvement. “Through clever research studies and engaging writing, Dweck illuminates how our beliefs about our capabilities exert tremendous influence on how we learn and which paths we take in life.”—Bill Gates, GatesNotes “It’s not always the people w",Google Books,2026-08-30
Mindset,Carol Dweck,Hachette UK,2012,3,1,203,Self-Management,resilience|growth-mindset,none,Psychology,9781780333939,http://books.google.com/books?id=R0-eBAAAQBAJ&dq=growth+mindset&hl=&as_pt=BOOKS&source=gbs_api,"World-renowned Stanford University psychologist Carol Dweck, in decades of research on achievement and success, has discovered a truly groundbreaking idea-the power of our mindset. Dweck explains why it's not just our abilities and talent that bring us success-but whether we approach them with a fixed or growth mindset. She makes clear why praising intelligence and ability doesn't foster self-esteem and lead to accomplishment, but may actually jeopardize success. With the right mindset, we can m",Google Books,2026-08-30
The Non-Obvious Guide to Emotional Intelligence (You Can Actually Use),Kerry Goyette,IdeaPress Publishing,2019,2,1,0,Uncategorised,,goleman,Business & Economics,9781940858913,http://books.google.com/books?id=hlVmxAEACAAJ&dq=emotional+intelligence&hl=&as_pt=BOOKS&source=gbs_api,"""Like having coffee with an expert""--Cover.",Google Books,2026-08-30
Developmental Evaluation,Michael Quinn Patton,Guilford Press,2010,1,1,399,Uncategorised,,none,Psychology,9781609180911,https://play.google.com/store/books/details?id=cd8yAAAAQBAJ&source=gbs_api,"Developmental evaluation (DE) offers a powerful approach to monitoring and supporting social innovations by working in partnership with program decision makers. In this book, eminent authority Michael Quinn Patton shows how to conduct evaluations within a DE framework. Patton draws on insights about complex dynamic systems, uncertainty, nonlinearity, and emergence. He illustrates how DE can be used for a range of purposes: ongoing program development, adapting effective principles of practice to",Google Books,2026-08-30
Emotional Intelligence,Annamaria Di Fabio,BoD – Books on Demand,2012,,,304,Uncategorised,,goleman,Psychology,9789533078380,http://books.google.com/books?id=LS2RDwAAQBAJ&dq=emotional+intelligence&hl=&as_pt=BOOKS&source=gbs_api,"Emotional intelligence is an emerging construct for applied research and possible interventions, both in scholastic, academic and educational contexts, organizational contexts, as well as at an individual level in terms of people's well-being and life satisfaction. From the presented contributions, it emerges how this volume is characterized by an interest to give an international overview rich of stimuli and perspectives for research and intervention, in relation to a promising variable of curr",Google Books,2026-08-30
Emotional Intelligence,MTD Training,Bookboon,2002,,,59,Uncategorised,,goleman,,9788776816001,http://books.google.com/books?id=_39nHz4sPjsC&dq=emotional+intelligence&hl=&as_pt=BOOKS&source=gbs_api,,Google Books,2026-08-30
Emotional Intelligence. Meaning and Significance for Individuals and Collectives,Nicolai Kasper,GRIN Verlag,2021,,,21,Self-Management,adaptability,goleman,Psychology,9783346555458,https://play.google.com/store/books/details?id=EshUEAAAQBAJ&source=gbs_api,"Essay from the year 2020 in the subject Psychology - Work, Business, Organisation, grade: 1,0, University of Applied Sciences Essen, language: English, abstract: This paper aims at clarifying the concept of emotional intelligence and verifying its importance in the context of change for an individual as well as an organization or company. Given the outlook of Oosthoizen and Harari adaptability to change will be one of the key challenges in the 21st Century. The objective of this paper is to prov",Google Books,2026-08-30
Emotional Intelligence,Gill Hasson,John Wiley & Sons,2024,,,229,Professional Effectiveness,productivity|career,goleman,Self-Help,9781907312670,https://play.google.com/store/books/details?id=G3kvEQAAQBAJ&source=gbs_api,"Transform the way you see the world and the way the world sees you by effectively managing your emotions The happiest and most fulfilled people are not always the cleverest or most talented, skilled, or educated among us. Instead, those who can effectively manage feelings—their own and those of the people around them—frequently wear that crown. And now more than ever, emotional intelligence is the trait you need to develop to unlock your true potential. In the newly revised second edition of Emo",Google Books,2026-08-30
The Language of Emotional Intelligence,Jeanne Segal,McGraw Hill Professional,2008,,,237,Communication,communication|nonverbal,goleman,Business & Economics,9780071544566,https://play.google.com/store/books/details?id=wOefbfeiIfcC&source=gbs_api,"Learn how to increase your emotional intelligence with five simple tools It's no secret that emotional intelligence plays a crucial role in your relationships. But how do you apply these specialized skills in everyday life? It's easy--with this practical, ready-to-use guide by a renowned expert in the field of emotional intelligence and communication. Using the latest research and true-to-life examples, Dr. Jeanne Segal's step-by-step program shows you how to incorporate the five basic tools of ",Google Books,2026-08-30
Emotional Intelligence: The Emotional Intelligence Book - Emotional Intelligence at Work and Emotional Intelligence Leadership,John C. Allen,Editorial Imagen LLC,2017,,,58,Self-Awareness,self-awareness,goleman,Psychology,9781630227234,https://play.google.com/store/books/details?id=O_FwDwAAQBAJ&source=gbs_api,"Emotional Intelligence: The Emotional Intelligence Book -- Emotional Intelligence at Work and Emotional Intelligence Leadership This Emotional Intelligence Book will answer the question: what is emotional intelligence (also referred to as EI.) As the book works to define emotional intelligence through the four main branches, it dives deeper into explaining each branch in hopes of bringing about a higher self-awareness in the reader. Most people walk around with low emotional intelligence out of ",Google Books,2026-08-30
Emotional Intelligence Habits,Travis Bradberry,TalentSmart,2023,,,265,Self-Management,motivation|self-control|willpower|habits,goleman,Self-Help,9780974719382,https://play.google.com/store/books/details?id=4EPJEAAAQBAJ&source=gbs_api,"Change your habits, change your life. A powerful new way to increase your emotional intelligence. Emotional Intelligence Habits is a groundbreaking new book from Dr. Travis Bradberry, author of the bestselling Emotional Intelligence 2.0 that has sold millions of copies worldwide. In Emotional Intelligence Habits, Dr. Bradberry, the world’s foremost expert on EQ, offers an abundance of practical strategies that will teach you how to form good habits, break bad ones, and master the micro behaviors",Google Books,2026-08-30
Emotional Intelligence @ Work,Jolyon Maddocks,Jca Occupational Psychologists,2015,,,333,Professional Effectiveness,performance|focus,goleman,Emotional intelligence,9780992808907,http://books.google.com/books?id=yp6eoAEACAAJ&dq=emotional+intelligence&hl=&as_pt=BOOKS&source=gbs_api,"Making change stick can be difficult. All too often, following developmental coaching or inspirational training the individual will gradually revert back to their old ways of feeling, thinking and behaving. Emotional Intelligence @ Work explains how to make change sustainable by addressing the underlying attitudes that underpin a person's thinking and feeling that then drive their behaviour, habits and performance. Other approaches to Emotional Intelligence (EI) focus on personality traits and i",Google Books,2026-08-30
Emotional Intelligence 2.0,Albert Piaget,,2020,,,186,Relationship Management,persuasion|leadership,goleman,,9798554388255,http://books.google.com/books?id=KfX9zQEACAAJ&dq=emotional+intelligence&hl=&as_pt=BOOKS&source=gbs_api,"★★★ EMOTIONAL INTELLIGENCE 2.0 ★★★ Do you like to know yourself much deeper? Are you interested in strengthening your people's abilities and properly utilize emotional intelligence to live a satisfying and happy life? If that's the case, then keep reading! Everyone is now working towards becoming better versions of themselves. We are all working towards common goals: finding our passion, connecting with people better, excelling in our profession, or spiritually. Most people encounter difficulty,",Google Books,2026-08-30
Executive EQ,"Robert K. Cooper, Ayman Sawaf",Putnam Adult,1997,,,0,Uncategorised,,goleman,Emotional intelligence,9780399142949,http://books.google.com/books?id=_r6fQgAACAAJ&dq=emotional+intelligence&hl=&as_pt=BOOKS&source=gbs_api,"Describes the Emotional Quotient (EQ) and the EQ Map which can be used to identify the behavioral patterns, values, and emotions which underlie decisions and actions in business situations.",Google Books,2026-08-30
The Emotional Intelligence Activity Kit,"Adele Lynn, Janele Lynn",AMACOM,2015,,,283,Relationship Management,influence|relationship,goleman,Self-Help,9780814449240,https://play.google.com/store/books/details?id=4Id0CgAAQBAJ&source=gbs_api,"Elevate emotional intelligence throughout your organization—and watch profitability, retention, and customer satisfaction soar! Know-it-all bosses, overcompetitive colleagues, and leaders who rarely leave their offices--common EQ problems such as these damage not just camaraderie, but also results. Because of this, managers are discovering now more than ever that emotional intelligence (EI)--knowing how to manage emotions, empathize, build relationships, and more--is a vital contributor to a com",Google Books,2026-08-30
The Emotionally Intelligent Workplace,"Cary Cherniss, Daniel Goleman",Jossey-Bass,2003,,,384,Uncategorised,,goleman,Business & Economics,9780787961053,http://books.google.com/books?id=-ctkZCJcc5UC&dq=emotional+intelligence&hl=&as_pt=BOOKS&source=gbs_api,"How does emotional intelligence as a competency go beyond the individual to become something a group or entire organization can build and utilize collectively? Written primarily by members of the Consortium for Research on Emotional Intelligence in Organizations, founded by recognized EI experts Daniel Goleman and Cary Cherniss, this groundbreaking compendium examines the conceptual and strategic issues involved in defining, measuring and promoting emotional intelligence in organizations. The bo",Google Books,2026-08-30
Research Handbook on Emotional Intelligence at Work,Aaron J. Nurick,Edward Elgar Publishing,2026,,,397,Uncategorised,,goleman,Psychology,9781035332526,https://play.google.com/store/books/details?id=F8L1EQAAQBAJ&source=gbs_api,"Adopting a forward-thinking approach, this Research Handbook presents a comprehensive and systematic overview of key conceptualizations, research and practical applications of emotional intelligence in the workplace. With expert contributions from original research pioneers on emotional intelligence and new international voices, it showcases a variety of perspectives on this topic. This title contains one or more Open Access chapters.",Google Books,2026-08-30
Understanding Emotional Intelligence,Gill Hasson,Pearson UK,2015,,,205,Social Awareness,empathy|compassion,goleman,Self-Help,9781292084183,http://books.google.com/books?id=IRTQEAAAQBAJ&dq=emotional+intelligence&hl=&as_pt=BOOKS&source=gbs_api,"Drive your emotions - don't let them drive you! We all know people who are brilliant at managing their emotions. They never get overwhelmed in difficult situations; they are great decision makers; they know when to use their intuition and they express empathy, compassion and understanding towards other people. But most of all, they are excellent communicators. Want to be like this? Understanding Emotional Intelligence shows you how. · Understand how emotions work and how to use them effectively ",Google Books,2026-08-30
Mind Over Matter: The Power of Emotional Intelligence,"Ann J. Polya, Ph.D.",Xlibris Corporation,2012,,,131,Self-Awareness,self-awareness,goleman,Reference,9781477124291,https://play.google.com/store/books/details?id=nS7wlYFx2JIC&source=gbs_api,"Mind over Matter: The Power of Emotional Intelligence” expands on the nature of Emotional Intelligence, which involves better self-awareness of our emotions, those of others and restrain our emotions so that we can optimize our relationship strategies. It is when we are under stress that we revert to behaviors that protect our emotional well-being, and while these reactions can serve us well- as adults they frequently no longer do so. Emotions are an integral part of who we are. With Emotional I",Google Books,2026-08-30
"Loff oc Tack offver den lyckelig Seyervinding til Søes udi Calmar-Sund, i det at voris Flode hafver i Brand anstucket to svenske Skibe, oc erobret sex, hvilcke sex Skibe udi sidste Søe-Slag sig hafde cetereret ind i Calmer-Sund",,,1676,,,6,Uncategorised,,none,,,http://books.google.com/books?id=gc7BjwEACAAJ&dq=EQ+leadership+emotional&hl=&as_pt=BOOKS&source=gbs_api,,Google Books,2026-08-30
Executive EQ,"Robert K. Cooper, Ayman Sawaf",,2000,,,358,Relationship Management,trust,goleman,Emotional intelligence,9781587990991,http://books.google.com/books?id=WDr9AAAACAAJ&dq=EQ+leadership+emotional&hl=&as_pt=BOOKS&source=gbs_api,"There's more to success than having a high IQ. Knowing when to laugh at the boss's jokes, when to trust a colleague or when someone is on the verge of a nervous breakdown are every bit as vital to workplace survival as knowing how to do cube roots.",Google Books,2026-08-30
The Power of EQ,Karen D. Nutter,Advantage Media Group,2015,,,150,Professional Effectiveness,career|performance|focus|success,goleman,Business & Economics,9781599326030,http://books.google.com/books?id=HAVOCgAAQBAJ&dq=EQ+leadership+emotional&hl=&as_pt=BOOKS&source=gbs_api,"Increase your EQ Master Leadership Maximize Your Potential Whether you are an individual searching for solutions, or a business professional looking to empower your employees, The Power of EQ can show you how to create the life you deserve. Successful businesses know that the key to success is having a team of qualified, happy, and confident employees. In The Power of EQ, corporate and lifestyle skills coach Karen Nutter systematically shows you how to create the future you envision by helping y",Google Books,2026-08-30
Emotional Intelligence for the Modern Leader,Christopher D. Connors,"Sourcebooks, Inc.",2020,,,131,Relationship Management,leadership|relationship,goleman,Business & Economics,9781646115617,https://play.google.com/store/books/details?id=4V4XEQAAQBAJ&source=gbs_api,"Discover the secret to business success and transform your career—starting today Success requires more than hard work and good ideas: you need to be able to understand, inspire, and motivate those around you. Emotional Intelligence for the Modern Leader helps you hone your emotional intelligence (EQ)—the ability to be aware of, control, and express your emotions, as well as handle interpersonal relationships empathetically—and enhance your ability to lead. Building off proven research, this user",Google Books,2026-08-30
The EQ Leader,Steven J. Stein,John Wiley & Sons,2017,,,368,Relationship Management,coaching|collaboration|leadership|relationship,goleman,Business & Economics,9781119349037,https://play.google.com/store/books/details?id=9tmdDgAAQBAJ&source=gbs_api,"A roadmap to success for tomorrow's leaders The EQ Leader provides an evidence-based model for exceptional leadership, and a four-pillar roadmap for real-world practice. Data collected from thousands of the world's best leaders—and their subordinates—reveals the keys to success: authenticity, coaching, insight, and innovation. By incorporating these methods into their everyday workflow, these leaders have propelled their teams to heights great enough to highlight the divide between successful an",Google Books,2026-08-30
Emotional Intelligence in Business,R Stevens,Independently Published,2019,,,136,Thinking & Deciding,decision-making|logic,goleman,,9781072476894,http://books.google.com/books?id=bVGaxgEACAAJ&dq=EQ+leadership+emotional&hl=&as_pt=BOOKS&source=gbs_api,"At work - Do you sometimes overreact when the stakes are high? Maybe it ́s hard for you to understand what effect your decisions have on your team ́s motivation? Or do react without thinking when a peer surprises with a question you were not prepared for? If so, then keep on reading. According to experts like author Daniel Goleman, Emotional Intelligence contributes to over 80% of business success. You can argue about the exact percentage, but it ́s common sense that IQ doesn ́t give any guarant",Google Books,2026-08-30
Emotional Intelligence for Leadership,Daniel M Power,,2020,,,168,Relationship Management,leadership,goleman,,9781801110594,http://books.google.com/books?id=N90BzgEACAAJ&dq=EQ+leadership+emotional&hl=&as_pt=BOOKS&source=gbs_api,"Emotional intelligence or EQ has been popular in the world of businesses since the 1950s. While many years have passed by, EQ still plays a crucial role in business. Renowned world leaders like Jeff Bezos, the founder of Amazon and Ursula Burns, the first-ever black woman to head a world-leading company, all employed this skill when running their company, or businesses. Whether you are emotionally intelligent or not, it does not matter. The great thing is that you can build and harness your skil",Google Books,2026-08-30
Using Emotional Intelligence in the Workplace,Meloney Sallie-Dosunmu,Association for Talent Development,2014,,,24,Professional Effectiveness,success,goleman,Business & Economics,9781562861049,https://play.google.com/store/books/details?id=StqdDQAAQBAJ&source=gbs_api,"Success in the workplace requires more than strong job skills and business savvy. It also requires emotional intelligence. Sometimes called EQ, emotional intelligence is the ability to understand and respond appropriately to your own and others’ emotions. “Using Emotional Intelligence in the Workplace” provides an overview of emotional intelligence and explains how to build important EQ skills. In this issue of TD at Work, you will find: · descriptions of emotional intelligence competencies · a ",Google Books,2026-08-30
Emotional Intelligence for Leadership,Louise Lily Wain,,2020,,,190,Relationship Management,influence|leadership|relationship,goleman,Business & Economics,9781801122511,http://books.google.com/books?id=-u71zQEACAAJ&dq=EQ+leadership+emotional&hl=&as_pt=BOOKS&source=gbs_api,"If there was one valuable skill set that you could own and would guarantee your success as a leader, what would it be? Is emotional intelligence the first thing that springs to mind? Most probably, it's not. Yet, it is going to be a skill that you need the most. Have you ever asked yourself why some people are more successful than others? What is it that makes them leaders that stand out in the crowd? Their work ethic and personality could be contributing factors, but that is only one part of th",Google Books,2026-08-30
Emotional Intelligence As a leadership Strategy to Make Leaders Great,Dr. Whitney Stevens,GRIN Verlag,2011,,,189,Professional Effectiveness,performance|success|effectiveness,goleman,Business & Economics,9783656084105,https://play.google.com/store/books/details?id=IsgRrVMsaQoC&source=gbs_api,"Doctoral Thesis / Dissertation from the year 2010 in the subject Business economics - Business Management, Corporate Governance, University of Phoenix, language: English, abstract: Twenty successful leaders in the United States participated in the study to explore the extent to which emotional intelligence supports leadership potential and success. Competent managers with strong leadership skills are scarce (Cafolla, 2008). According to Goleman (2001), EQ might predict up to 90% of the variance ",Google Books,2026-08-30
Emotional Intelligence for Leadership,Neal Cooper,,2020,,,106,Relationship Management,leadership|trust|relationship,goleman,,9781801092074,http://books.google.com/books?id=J3oFzgEACAAJ&dq=EQ+leadership+emotional&hl=&as_pt=BOOKS&source=gbs_api,"The Ultimate Guide to Emotional Intelligence - NOW AVAILABLE! Becoming an inspiring leader. Being someone that everybody loves. Getting better positions at your work. Developing powerful business networks. And much, much more... Those are just a fraction of the benefits you can expect with sharp emotional intelligence. Being a leader requires a lot of traits. Just because you're in a higher position, doesn't mean that you're the leader. Leadership is when people trust you, believe you, feel like",Google Books,2026-08-30
Emotional Intelligence Primal Leadership 2.0,Robin T Schneider,,2019,,,152,Relationship Management,leadership|relationship,goleman,Self-Help,9781647450380,http://books.google.com/books?id=IUrWywEACAAJ&dq=EQ+leadership+emotional&hl=&as_pt=BOOKS&source=gbs_api,"Emotions are deeply rooted within our lives. They govern our instinct and actions to the point that it is imperative to understand other people's emotions and how to properly react. In our society we hear a lot of about IQ. The general norm is that a person with a high IQ is bound for success. But is that necessarily true? Some are naturally gifted with the ability to solve problems and think of the fly. However, the ability to interact with others in social settings or in a work place truly ove",Google Books,2026-08-30
Emotional Intelligence in the Workplace,Mark Craemer,"Sourcebooks, Inc.",2020,,,131,Relationship Management,collaboration|leadership|trust|relationship,goleman,Business & Economics,9781647391539,https://play.google.com/store/books/details?id=BV4XEQAAQBAJ&source=gbs_api,"""A practical, go-to resource for anyone wishing to improve their EQ. . . . makes EQ accessible. . . . helping the reader establish good EQ habits."" —Joelle K. Jay, Ph.D., Author of The Inner Edge: The 10 Practices of Personal Leadership and T he New Advantage: How Women in Leadership Can Create Win/Wins for Their Companies and Themselves Emotional intelligence refers to your skill at identifying and effectively responding to what you, and the people around you, are thinking and feeling—and it's ",Google Books,2026-08-30
Emotional Intelligence,Ryan Dark,,2019,,,188,Relationship Management,leadership|relationship,goleman,,9781653118328,http://books.google.com/books?id=BOUtzQEACAAJ&dq=EQ+leadership+emotional&hl=&as_pt=BOOKS&source=gbs_api,"If you want to unlock the hidden power of your emotional intelligence to win in life and succeed at work then keep reading. Developing emotional intelligence is not so easy A quick internet search will give a lot of information about what emotional intelligence is, but rarely do you get comprehensive information about what you can do to develop emotional intelligence for use at either a personal or a professional level. From its description as the ability to be self-aware and understand other pe",Google Books,2026-08-30
The Role of Emotional Intelligence in Leadership,Nadine Pahl,GRIN Verlag,2009,,,53,Relationship Management,leadership,goleman,Business & Economics,9783640303342,http://books.google.com/books?id=coapjezZmb4C&dq=EQ+leadership+emotional&hl=&as_pt=BOOKS&source=gbs_api,"Research Paper (undergraduate) from the year 2008 in the subject Business economics - Business Management, Corporate Governance, grade: 1,0, University of Applied Sciences Berlin, course: Soft Skills & Leadership Qualities, language: English, abstract: Today, in a fast changing business environment, leaders need to manage an empowered workforce and go more and more beyond consultative, cooperative and democratic leadership styles. The today's workforce does not accept an autocratic leadership st",Google Books,2026-08-30
Emotional Intelligence for Leadership,Russ Denzil,,2019,,,144,Relationship Management,leadership,goleman,Business & Economics,9781513674582,http://books.google.com/books?id=jNgmzgEACAAJ&dq=EQ+leadership+emotional&hl=&as_pt=BOOKS&source=gbs_api,,Google Books,2026-08-30
Emotional Intelligence,James W. Williams,,2019,,,46,Relationship Management,relationship,goleman,,9781951030353,http://books.google.com/books?id=ucmMxwEACAAJ&dq=EQ+leadership+emotional&hl=&as_pt=BOOKS&source=gbs_api,This book will become your essential guide to improving your professional and personal relationships. It will show you how to recognize and interpret the motives behind yours' and others' behavior. It will prepare you for the sophisticated and challenging workplace of the 21st century.,Google Books,2026-08-30
"Emotional Intelligence & Critical Thinking Skills For Leadership (2 in 1): 20 Must Know Strategies To Boost Your EQ, Improve Your Social Skills & Self",Stewart Hunter,Devon House Press,2021,,,214,Thinking & Deciding,critical-thinking|decision-making|bias|cognitive,goleman,Medical,9781801342094,http://books.google.com/books?id=yjA2zgEACAAJ&dq=EQ+leadership+emotional&hl=&as_pt=BOOKS&source=gbs_api,"Introducing The Skill Regarded As MORE Important Than IQ For Becoming The Best Leader You Can Be, Building Better Relationships & Thriving In Your Career! Do You Want To Maximize Your Leadership Abilities? Do You Want To Discover How You Can Think Critically In Your Professional & Personal Life? Do You Want To Develop The ULTIMATE Superpower For Becoming More Self-Aware? By now, it's no secret the power that Emotional Intelligence can have on all aspects of our lives. But, if you didn't know, Yo",Google Books,2026-08-30
Emotional Intelligence,Marc Cooper,,2020,,,0,Self-Management,resilience|motivation,goleman,,9781801185059,http://books.google.com/books?id=8dhUzwEACAAJ&dq=EQ+leadership+emotional&hl=&as_pt=BOOKS&source=gbs_api,"Boost Your Emotional Intelligence To Become A Better Leader! The concept of emotional intelligence is one of the most exciting and practical concepts of today's psychological science. In a nutshell, emotional intelligence means understanding emotions - both yours and other people's. An emotionally intelligent person can: cope with stressful situations resolve conflicts inspire and motivate others communicate well and much more! No wonder that most managers believe emotional intelligence to be mo",Google Books,2026-08-30
Soft Skills for the Workplace,Goodheart-Willcox Publisher,Goodheart-Wilcox Publisher,2016,,,0,Professional Effectiveness,career,none,Soft skills,9781631268267,http://books.google.com/books?id=XnkbMQAACAAJ&dq=soft+skills+workplace&hl=&as_pt=BOOKS&source=gbs_api,"""Soft Skills for the Workplace"" is a nontraditional approach to learning basic employability skills needed in today's workplace. Learning how to interact professionally with customers, coworkers, and employers is one sure way to prepare for a career. In today's workplace, it is necessary to have job-specific skills to perform on the job as well as the know-how to interact with coworkers and customers. You may be the most qualified person in your field in terms of hard skills, but if you lack sof",Google Books,2026-08-30
10 Things Employers Expect Their Employees to Know,Frederick H. Wentz,CreateSpace,2013,,,114,Thinking & Deciding,problem-solving|cognitive,none,Core competencies,9781481882767,http://books.google.com/books?id=hl-snAEACAAJ&dq=soft+skills+workplace&hl=&as_pt=BOOKS&source=gbs_api,"This soft skills workbook is an excellent tool for individuals preparing to look for or start new jobs, as well as individuals who are currently working but need to step back and evaluate their performance. It is a practical, helpful guide about acting appropriately and professionally on a job and addresses realities of the working world and how to cope with them, and not just ideal situations. Soft skills are the nontechnical skills and traits that an individual needs to function in the workpla",Google Books,2026-08-30
Soft Skills For Dummies,Cindi Reiman,John Wiley & Sons,2022,,,215,Professional Effectiveness,time-management|career|success,none,Business & Economics,9781119906551,http://books.google.com/books?id=E1SbEAAAQBAJ&dq=soft+skills+workplace&hl=&as_pt=BOOKS&source=gbs_api,"Soft skills make the hard skills work! Soft skills are the personal qualities that make you a great communicator, problem solver, and leader on the job—and in your personal life. Soft Skills For Dummies helps you hone in on the traits you already have—or fine tune the ones that may need some extra attention—to market yourself as a workplace leader who’s in touch with what today’s employers are looking for: people who can lead and inspire through interpersonal communication, cultural awareness, t",Google Books,2026-08-30
Soft Skills for Career Success,"V Bastin Jerome, Alagra Antony",Educreation Publishing,2018,,,204,Professional Effectiveness,career|performance|success,none,Education,,https://play.google.com/store/books/details?id=FQZnDwAAQBAJ&source=gbs_api,"The book ""Soft Skills for Career Success"" plays a vital role in the soft skill development and career success of young talents. Since most of the companies are giving more importance to soft skill of their employees, along with the technical skills, the topic soft skills become more important than ever. Today, as companies increasingly need to become more dynamic, interconnected and flexible, soft skills are critical. These skills important to fostering employee retention, improving leadership, ",Google Books,2026-08-30
Soft Skills,André Iland,iland business pages,2013,,,111,Professional Effectiveness,career|focus|success,goleman,Business & Economics,9781481895378,https://play.google.com/store/books/details?id=VDo07OEaq-IC&source=gbs_api,"If you look for a book dealing with soft skills with a difference, here it is! Yes, you are at the right place for the right material. This special book deals with not only the importance of soft skills, also the use of it both at your workplace and at your homes. The concern is that you are going to make a difference not only in your workplace also in your family. As the book emphasizes the importance of soft skills for making your professional career highly on demand, it also shows ways to mak",Google Books,2026-08-30
Soft Skills for Hard Times,Ivory Dorsey,Xlibris Corporation,2004,,,105,Uncategorised,,none,Business & Economics,9781462800032,https://play.google.com/store/books/details?id=aHj9wTmSGZAC&source=gbs_api,"Soft Skills for Hard Times is a hand book for the over achiever. It is written for people who understand that when competence is present, it is only the ticket to the game; it does not make one a player. It is a book for those who would invest resources in getting good and no time in getting chosen. It is a book for the potential high performer who constantly wonders why since they are so smartwhy is it that the seemingly average performer keeps getting ahead. These are hard timeswe need skills ",Google Books,2026-08-30
What Are Soft Skills?,Patricia Dorch,,2013,,,192,Professional Effectiveness,productivity|accountability|career|performance,none,Business & Economics,9780981685489,http://books.google.com/books?id=uqlIngEACAAJ&dq=soft+skills+workplace&hl=&as_pt=BOOKS&source=gbs_api,Essential Soft Skills You Need To Know for Career Success Are you looking for a blueprint to master top soft skills in demand by employers? Are you confident you possess soft skills you need to stand out? Do you know which soft skills will provide you with the competitive edge to maximize and leverage your career options? Inside What Are Soft Skills? you will discover why soft skills are vital competencies and the underlying principles which enable you to become more valuable and effective in th,Google Books,2026-08-30
The Importance of Soft Skills in the Workplace as Perceived by Community College Instructors and Industries,Laura Suzanne Spell Tribble,,2009,,,,Relationship Management,conflict-resolution,none,Business and education,,http://books.google.com/books?id=yuWRAQAACAAJ&dq=soft+skills+workplace&hl=&as_pt=BOOKS&source=gbs_api,"Soft skills include communication skills, problem-solving skills, conflict resolution, working well with other people, and ensuring customer satisfaction. Employers need employees who have adequate technical skills but who also have soft skills. There is limited information about the perceptions of which soft skills are needed in the workplace. This study attempted to close the gap in the literature concerning the perceptions of instructors and employers in the area of soft skills in the workpla",Google Books,2026-08-30
Soft Skills - Enhancing Employability,M. S. Rao,I. K. International Pvt Ltd,2010,,,254,Uncategorised,,none,Business & Economics,9789380578385,http://books.google.com/books?id=O1G9_gr50hIC&dq=soft+skills+workplace&hl=&as_pt=BOOKS&source=gbs_api,"""The Direction in which education starts a man will determine his future"". - Plato Currently there is a wide chasm between the campus and the industry. There is vast gap between the art and the craft. The book helps in connecting the campus with the corporate by bridging the gap between the campus and the industry and by blending both the art and the craft. It helps you understand and appreciate both soft and hard skills. It differentiates between unemployability and unemployment. It enlightens ",Google Books,2026-08-30
Job Readiness for Health Professionals - E-Book,Elsevier,Elsevier Health Sciences,2016,,,418,Thinking & Deciding,critical-thinking|problem-solving|decision-making,none,Medical,9780323431682,http://books.google.com/books?id=7kpgDAAAQBAJ&dq=soft+skills+workplace&hl=&as_pt=BOOKS&source=gbs_api,"Get an edge in the job market and develop the soft skills — the personal qualities, habits, attitudes, and social graces needed to work successfully with anyone, anywhere. Job Readiness for Health Professionals, Soft Skills Strategies for Success, 2nd Edition provides a unique tool for soft skill programming to help graduates succeed on the job as effective, engaged, and high-functioning employees. This handy resource uses an 8th grade reading level and a consistent, easy-to-follow modular forma",Google Books,2026-08-30
Hard Skills Get You Hired But Soft Skills Get You Promoted,Torquil Johners,Bluewave Press Publishing,2023,,,0,Relationship Management,conflict-resolution|persuasion|teamwork|relationship,goleman,,9798215535523,http://books.google.com/books?id=iNuezwEACAAJ&dq=soft+skills+workplace&hl=&as_pt=BOOKS&source=gbs_api,"In all industries, organizations, and professions, soft skills are extremely valuable.In all industries, organizations, and professions, soft skills are extremely valuable. Employers look for these abilities and attribute just as hard or technical skills since they help you be a productive and communicative team member. Understanding soft skills can assist you in identifying and improving your own, allowing you to be a more well-rounded applicant and employee. To improve your career and achieve ",Google Books,2026-08-30
Emotional Intelligence for Managing Results in a Diverse World,"Lee Gardenswartz, Jorge Cherbosque, Anita Rowe",Nicholas Brealey,2010,,,207,Relationship Management,coaching|relationship,goleman,Psychology,9780891062998,https://play.google.com/store/books/details?id=n1bkDAAAQBAJ&source=gbs_api,"Harness the power of emotions - so you can leverage differences, build engaged teams, and create healthier organizations Whether you work group stretches from here to Dubai or can easily meet in a conference room down the hall, anger and frustration are easy to come by when others don't do things your way, follow directions, or respond the way you think they should. But when emotions manage workplace relationships, the result is conflict, disengagement, and low morale. Emotional Intelligence for",Google Books,2026-08-30
Job Readiness for Health Professionals,Elsevier,Elsevier Health Sciences,2015,,,418,Thinking & Deciding,critical-thinking|problem-solving|decision-making,none,Medical,9780323430265,http://books.google.com/books?id=2h_mCgAAQBAJ&dq=soft+skills+workplace&hl=&as_pt=BOOKS&source=gbs_api,"Get an edge in the job market and develop the soft skills - the personal qualities, habits, attitudes, and social graces needed to work successfully with anyone, anywhere. Job Readiness for Health Professionals, Soft Skills Strategies for Success, 2nd Edition provides a unique tool for soft skill programming to help graduates succeed on the job as effective, engaged, and high-functioning employees. This handy resource uses an 8th grade reading level and a consistent, easy-to-follow modular forma",Google Books,2026-08-30
The Hard Truth About Soft Skills,Peggy Klaus,Harper Collins,2009,,,209,Communication,communication,none,Self-Help,9780061843549,https://play.google.com/store/books/details?id=lzK5sxtir9UC&source=gbs_api,"What's the hard truth? Soft skills get little respect but will make or break your career. Master your soft skills and really get ahead at work! Fortune 500 coach Peggy Klaus encounters individuals every day who excel at their jobs but aren't getting where they want to go. It's rarely a shortfall in technical expertise that limits their careers, but rather a shortcoming in their social, communication, and self-management behaviors. In The Hard Truth About Soft Skills Klaus delivers practical tool",Google Books,2026-08-30
The Hard Truth About Soft Skills,Peggy Klaus,HarperBusiness,2008,,,208,Communication,communication,none,Business & Economics,9780061284144,http://books.google.com/books?id=zAfbwQEACAAJ&dq=soft+skills+workplace&hl=&as_pt=BOOKS&source=gbs_api,"What's the hard truth? Soft skills get little respect but will make or break your career. Master your soft skills and really get ahead at work! Fortune 500 coach Peggy Klaus encounters individuals every day who excel at their jobs but aren't getting where they want to go. It's rarely a shortfall in technical expertise that limits their careers, but rather a shortcoming in their social, communication, and self-management behaviors. In The Hard Truth About Soft Skills Klaus delivers practical tool",Google Books,2026-08-30
Soft Skills for Tough Issues,Jean Eva Thumm,Xlibris,2008,,,0,Relationship Management,conflict-resolution|coaching|mentoring,none,Business & Economics,9781436328784,http://books.google.com/books?id=tiR7NwAACAAJ&dq=soft+skills+workplace&hl=&as_pt=BOOKS&source=gbs_api,"New Book is Practical Guide to Interpersonal Communication in the Workplace The Must-Have Handbook for Conflict Resolution and Personal Growth Santa Fe, NM As a key decision maker or future business leader in your organization, you will want to know about an exciting new interactive book authored by executive coach and workplace trainer Jean Eva Thumm. Soft Skills for Tough Issues: Fostering Interpersonal Communication in the Workplace is a comprehensive guide to workplace challenges, which offe",Google Books,2026-08-30
Soft Skills Inventory,Liptak,,2020,,,,Uncategorised,,none,,9781792431937,http://books.google.com/books?id=0WSSzQEACAAJ&dq=soft+skills+workplace&hl=&as_pt=BOOKS&source=gbs_api,,Google Books,2026-08-30
Top 10 Soft Skills You Need,Pamela Wiggins,Createspace Independent Publishing Platform,2015,,,62,Professional Effectiveness,professional-development|success,none,,9781522821373,http://books.google.com/books?id=V3BcjwEACAAJ&dq=soft+skills+workplace&hl=&as_pt=BOOKS&source=gbs_api,"Having the technical skills and knowledge to successfully execute your job duties is only one part of being the best you can be in the workplace. In addition to these ""hard"" skills, we also need ""soft"" skills. Soft skills are those skills which allow us to effectively work with others. No matter what your position, organization, or industry, you work with people, directly or indirectly. Taking the time to build effective soft skills can contribute to a more efficient, more harmonious, and more p",Google Books,2026-08-30
Soft Skills for Workplace Success,Sage Publications India Pvt Ltd,Sage Publications Pvt. Limited,2021,,,,Professional Effectiveness,success,none,,9789391138677,http://books.google.com/books?id=NOCNzgEACAAJ&dq=soft+skills+workplace&hl=&as_pt=BOOKS&source=gbs_api,A curated recipe book on how to be happy and content in our professional lives,Google Books,2026-08-30
Professionalism,Jeff Butterfield,Course Technology,2010,,,0,Professional Effectiveness,success,none,Success in business,9781111530877,http://books.google.com/books?id=eJ87bwAACAAJ&dq=soft+skills+workplace&hl=&as_pt=BOOKS&source=gbs_api,"""Your curriculum provides critical training in your field of study to prepare students for the workforce. But do they know how to communicate effectively? Can they present themselves professionally on a resume or in a job interview? If given a problem, do they know how to break it down and solve it? Can they work in a team? These 'soft skills' are crucial for success in the workplace. Now you can help your students learn these essential skills using the Illustrated Course Guides : Soft Skills fo",Google Books,2026-08-30
"The Neuroscience of Empathy, Compassion, and Self-Compassion","Larry Charles Stevens, C. Chad Woodruff",Academic Press,2018,,,354,Social Awareness,empathy|compassion,none,Psychology,9780128098387,https://play.google.com/store/books/details?id=ayokDwAAQBAJ&source=gbs_api,"The Neuroscience of Empathy, Compassion, and Self-Compassion provides contemporary perspectives on the three related domains of empathy, compassion and self-compassion (ECS). It informs current research, stimulates further research endeavors, and encourages continued and creative philosophical and scientific inquiry into the critical societal constructs of ECS. Examining the growing number of electrocortical (EEG Power Spectral, Coherence, Evoked Potential, etc.) studies and the sizeable body of",Google Books,2026-08-30
Compassionate Leadership,"Rasmus Hougaard, Jacqueline Carter",Harvard Business Press,2022,,,136,Relationship Management,leadership|feedback,none,Business & Economics,9781647820749,https://play.google.com/store/books/details?id=3BUUEAAAQBAJ&source=gbs_api,"Leadership is hard. How can you balance compassion for your people with effectiveness in getting the job done? A global pandemic, economic volatility, natural disasters, civil and political unrest. From New York to Barcelona to Hong Kong, it can feel as if the world as we know it is coming apart. Through it all, our human spirit is being tested. Now more than ever, it's imperative for leaders to demonstrate compassion. But in hard times like these, leaders need to make hard decisions—deliver neg",Google Books,2026-08-30
Empathy and Compassion,Rosa Waters,Simon and Schuster,2014,,,97,Social Awareness,empathy|compassion,none,Juvenile Nonfiction,9781422287644,https://play.google.com/store/books/details?id=xAiQBQAAQBAJ&source=gbs_api,"Become a more compassionate person—and make the world a better place. Empathy is the ability to sense other people's emotions. People with empathy are able to imagine what someone else might be thinking or feeling. They recognize and understand another's suffering. People who are compassionate, go a step further: they take action. Compassion changes the world. And it can change you as well. When you reach out to others, you not only help them; you also increase your own well-being. Researchers h",Google Books,2026-08-30
Compassion and Empathy in Educational Contexts,"Georgina Barton, Susanne Garvis",Springer,2019,,,300,Social Awareness,empathy|compassion,none,Education,9783030189259,https://play.google.com/store/books/details?id=ikGjDwAAQBAJ&source=gbs_api,"This book explores the importance of compassion and empathy within educational contexts. While compassion and empathy are widely recognised as key to living a happy and healthy life, there is little written about how these qualities can be taught to children and young people, or how teachers can model these traits in their own practice. This book shares several models of compassion and empathy that can be implemented in schooling contexts, also examining how these qualities are presented in chil",Google Books,2026-08-30
The Biological Evolution of Love,Victor Karandashev,Springer Nature,2026,,,313,Thinking & Deciding,logic,none,Psychology,9783032142795,https://play.google.com/store/books/details?id=85ylEQAAQBAJ&source=gbs_api,"This book discusses the biological evolution of love from the perspectives of evolutionary biology, paleontology, archaeology, anthropology, neuroscience, psychology, and other disciplines. This interdisciplinary book presents an extensive analysis of the numerous studies, theories, and research findings about the biological evolution of love and love-related constructs. The author has compiled and presented multiple scholarly publications that have been available about the evolutionary science ",Google Books,2026-08-30
"Perceptions of Human-Animal Relationships and their Impacts on Animal Ethics, Law and Research","Cédric Sueur, Marie Pelé, Tetsuro Matsuzawa, Jean-Yves Georges",Frontiers Media SA,2021,,,87,Relationship Management,relationship,none,Science,9782889664702,http://books.google.com/books?id=8lAbEAAAQBAJ&dq=empathy+compassion&hl=&as_pt=BOOKS&source=gbs_api,,Google Books,2026-08-30
Care and Compassion: Empathy for Others,Rachael Morlock,"The Rosen Publishing Group, Inc",2019,,,26,Social Awareness,empathy|compassion|social-awareness,none,Juvenile Nonfiction,9781725302020,https://play.google.com/store/books/details?id=GbHXDwAAQBAJ&source=gbs_api,"Empathy is the ability to perceive and imagine the feelings, thoughts, and experiences of others. It is a powerful social tool that helps us connect with others and act with compassion and morality. This book guides readers through strategies for identifying and understanding the emotions of others. Ways of expressing empathy are explored through real-life examples and primary sources. Descriptions of familiar situations encourage readers to seize everyday opportunities for practicing empathy an",Google Books,2026-08-30
International Handbook of Love,"Claude-Hélène Mayer, Elisabeth Vanderheiden",Springer Nature,2025,,,1715,Relationship Management,relationship,none,Psychology,9783031945120,https://play.google.com/store/books/details?id=7NeeEQAAQBAJ&source=gbs_api,"The second revised and expanded edition of this successful handbook extensively explores the idea and practice of love from diverse cultural, psychological, and biological perspectives. It provides a comprehensive understanding of love by examining its various manifestations, cultural interpretations, and the underlying psychological and biological mechanisms that shape it. Notably, the book won the William B. Gudykunst Outstanding Book Award from the International Academy for Intercultural Rese",Google Books,2026-08-30
Teaching Empathy,David A. Levine,Solution Tree Press,2013,,,230,Social Awareness,empathy|compassion,none,Education,9781936765737,http://books.google.com/books?id=0n0XBwAAQBAJ&dq=empathy+compassion&hl=&as_pt=BOOKS&source=gbs_api,"How do you transform a classroom of individuals into a community of compassionate peers? The process of teaching empathy involves recognizing and naming the skill, practicing it, modeling it through action, and encouraging it. This resource focuses on teaching empathy and building a culture of caring in the classroom. A CD of the author’s original music enhances the learning experience.",Google Books,2026-08-30
Compassion's COMPASS,Wilson C. Hurley,Bloomsbury Publishing USA,2021,,,267,Thinking & Deciding,analytical|logic,none,Psychology,9798765170717,https://play.google.com/store/books/details?id=k0KAEQAAQBAJ&source=gbs_api,"Compassion’s COMPASS: Strategies for Developing Kindness and Insight offers a systematic approach to developing compassionate insight that has been adapted from Tibetan mind training strategies, secularized for modern audiences, and supplemented with relevant research, anecdotes, and exercises in accessible language. This book contains easy exercises for regaining composure, boosting compassionate insight, preventing compassion fatigue, and maintaining compassion resilience. “COMPASS” is an acro",Google Books,2026-08-30
I Choose Empathy,Elizabeth Estrada,,2021,,,34,Social Awareness,empathy,none,,9781637312704,http://books.google.com/books?id=7X6kzgEACAAJ&dq=empathy+compassion&hl=&as_pt=BOOKS&source=gbs_api,,Google Books,2026-08-30
The Value of Empathy,"Maria Baghramian, Meline Papazian, Rowland Stout",Routledge,2020,,,276,Social Awareness,empathy|compassion,none,Philosophy,9781000316506,https://play.google.com/store/books/details?id=ZlgMEAAAQBAJ&source=gbs_api,"The Value of Empathy explores various approaches to understanding empathy and investigates its moral and practical role. The central role of empathy in understanding others, and the need for it in our social and inter-personal encounters, is widely acknowledged by philosophers, social scientists and psychologists alike. Discussions of empathy abound, not only in more specialised academic publications, but also in traditional and social media. Yet neither a clear understanding, nor a uniform defi",Google Books,2026-08-30
HELPER'S JOURNEY,DALE G. LARSON,,2020,,,,Uncategorised,,none,,9780878227266,http://books.google.com/books?id=BNVKzQEACAAJ&dq=empathy+compassion&hl=&as_pt=BOOKS&source=gbs_api,,Google Books,2026-08-30
101 Simple Suggestions and Quotations to Express Compassion and Empathy,Linda Furiate,iUniverse,2004,,,115,Social Awareness,empathy|compassion,none,Psychology,9780595324132,http://books.google.com/books?id=F8KlR-jJLeMC&dq=empathy+compassion&hl=&as_pt=BOOKS&source=gbs_api,"101 Simple Suggestions and Quotations to Express Compassion and Empathy is a useful aid for anyone wishing to become more compassionate. Linda Furiate began this simple, little book the day she received a telephone call from a dear friend, who had been in an accident the night before. Although the vehicle was totaled, her husband walked away with nearly a bruise and she suffered only a few, broken ribs. This did not stop Furiate from feeling the emotional pain they both endured. Having to fill i",Google Books,2026-08-30
Compassionate Ninja,"Mary Nhin, Grow Grit Press",,2020,,,34,Social Awareness,empathy|compassion,none,,9781953399687,http://books.google.com/books?id=lMHazQEACAAJ&dq=empathy+compassion&hl=&as_pt=BOOKS&source=gbs_api,"We teach our children to be kind to others, to share, but how do we teach them to be kind to themselves? Follow Compassionate Ninja in a journey to discover empathy and how important it is to not only cultivate compassion for others but self compassion, as well. Find out what happens in this book about kindness and love for all. Life is hard! And it's even harder for children who are just trying to figure things out. The new children's book series, Ninja Life Hacks, was developed to help childre",Google Books,2026-08-30
The Essence of Empathy,Ron W. Rathbun,,2021,,,218,Social Awareness,empathy,none,,9780964351967,http://books.google.com/books?id=4TWNzgEACAAJ&dq=empathy+compassion&hl=&as_pt=BOOKS&source=gbs_api,"Most everyone on the planet is aware of the word empathy, but what is it? Empathy is experienced in two basic forms, instinctual and innate. The most common form of empathy is instinctual. It is based in self-preservation and the need of the individual is more important than the need of others. Everyone has this form within them. Another form of empathy is innate. This form of empathy is based in an innate feeling of care for others. These two forms of empathetic care determine how we treat othe",Google Books,2026-08-30
The Power of Empathy: Transforming Compassion into Strength,Rishi Patel,OrangeBooks Publication,2024,,,140,Social Awareness,empathy|compassion,none,Self-Help,,http://books.google.com/books?id=F-4wEQAAQBAJ&dq=empathy+compassion&hl=&as_pt=BOOKS&source=gbs_api,"In a world where empathy is often seen as a virtue, many people fall into the trap of over-giving, losing themselves, and sacrificing their own well-being for the sake of others. But true empathy doesn’t have to mean weakness. It’s not about constantly pouring from an empty cup or seeking validation through vulnerability. In a world where empathy is often seen as a virtue, many people fall into the trap of over-giving, losing themselves, and sacrificing their own well-being for the sake of other",Google Books,2026-08-30
Compassionate Ninja,"Mary Nhin, Grow Grit Press",Ninja Life Hacks,2020,,,0,Social Awareness,empathy|compassion,none,Compassion in children,9781951056698,http://books.google.com/books?id=ErXazQEACAAJ&dq=empathy+compassion&hl=&as_pt=BOOKS&source=gbs_api,"We teach our children to be kind to others, to share, but how do we teach them to be kind to themselves? Follow Compassionate Ninja in a journey to discover empathy and how important it is to not only cultivate compassion for others but self compassion, as well. Find out what happens in this book about kindness and love for all. Life is hard! And it's even harder for children who are just trying to figure things out. The new children's book series, Ninja Life Hacks, was developed to help childre",Google Books,2026-08-30
The Resilience Mindset,,Xspurts.com,,,,43,Self-Management,resilience,none,Self-Help,,https://play.google.com/store/books/details?id=b5DlEAAAQBAJ&source=gbs_api,Table of Contents Introduction The Resilience Mindset: Conquer Anything Life Throws Your Way with Resilience THE DEFINITION OF RESILIENCE THE IMPORTANCE OF RESILIENCE BUILDING EMOTIONAL RESILIENCE DEVELOPING MENTAL RESILIENCE BUILDING PHYSICAL RESILIENCE CULTIVATING SOCIAL RESILIENCE RESILIENCE IN THE FACE OF ADVERSITY RESILIENCE AND PERSONAL GROWTH RESILIENCE IN PROFESSIONAL LIFE TEACHING RESILIENCE TO CHILDREN RESILIENCE AND MENTAL HEALTH PRACTICING RESILIENCE IN DAILY LIFE FREQUENTLY ASKED QU,Google Books,2026-08-30
The Resilience Mindset,Terry Healey,ECW Press,2025,,,217,Professional Effectiveness,career|success,none,Business & Economics,9781778525087,https://play.google.com/store/books/details?id=ic1WEQAAQBAJ&source=gbs_api,"Winner, National Indie Excellence Award (Cancer), 2026 Winner, Nonfiction Book Awards, (Gold Winner), 2026 An actionable framework to overcome adversity and create a more fulfilling life. “Resilience is a critical skill for all of us, for our careers but even more so for life. This is a must-buy book as Terry teaches how to build resilience, gain confidence, and embrace change.” — Tracey Newell, board member, past president of Informatica; author of Hers for the Taking: Your Path to the C-Suite ",Google Books,2026-08-30
The Resilience Mindset,Elias Van,Mindful Pages,2025,,,0,Self-Management,resilience|adaptability|anxiety|habits,none,Business & Economics,9789371773768,http://books.google.com/books?id=m2zF0QEACAAJ&dq=resilience+mindset&hl=&as_pt=BOOKS&source=gbs_api,"When the economy falters, most people react with fear-cutting back, freezing up, and hoping to outlast the storm. But downturns don't just take things away; they reveal new paths for those who know how to think differently. This book offers a fresh blueprint for building resilience during economic downturns, showing how ordinary people can protect themselves, stay calm, and even find opportunity when everything seems uncertain. Instead of focusing only on numbers in a bank account, it reveals wh",Google Books,2026-08-30
Learning Limitless Knowledge,Ibrahim M. Alarifi,Balboa Press,2023,,,287,Uncategorised,,none,Self-Help,9798765245309,https://play.google.com/store/books/details?id=B-viEAAAQBAJ&source=gbs_api,"Learning new skills is enjoyable and essential in today’s fast-paced world. The drive to improve ourselves has allowed us to travel through time and space in search of new perspectives. In Learning Limitless Knowledge, author Ibrahim M. Alarifi begins his quest to discover how far our minds can go, offering a path to unlock the boundless possibilities of the human mind. He takes a deep dive into several subjects and explores various disciplines—from science to philosophy, history to literature. ",Google Books,2026-08-30
The Mind of a Leader,Bruce E. Winston,Springer Nature,2022,,,254,Relationship Management,influence|mentoring|leadership|relationship,none,Business & Economics,9783031072062,https://play.google.com/store/books/details?id=CP2AEAAAQBAJ&source=gbs_api,"This edited collection examines the mind of leaders throughout the Bible to understand how thoughts and behaviors can support or sabotage leadership efforts. It is divided into three parts: the first part addresses thinking, influence, and communicating through the theoretical lenses of humility, metacognition, and personal well-being. Part Two addresses managing, motivating, and change through the theoretical lenses of leader-follower relationships and Lewin’s change model. Finally, Part Three ",Google Books,2026-08-30
The Transformation Equation,Prabhu TL,NestFame Creations Pvt Ltd.,2025,,,127,Self-Management,resilience|perseverance|habits,none,Self-Help,,https://play.google.com/store/books/details?id=-mxBEQAAQBAJ&source=gbs_api,"Discover the extraordinary power of personal evolution through ""The Transformation Equation."" This thought-provoking and illuminating masterpiece delves deep into the realms of self-discovery, growth, and empowerment. Prepare to embark on a journey that will reshape your perception of change and guide you towards harnessing your innate potential. ""The Transformation Equation"" is not just a book; it's a guiding light for those who seek to unlock their true selves and reach unparalleled heights of",Google Books,2026-08-30
Bulletproof Business in a Recession Year,Elena Brooks,epubli,2026,,,219,Self-Management,resilience,none,Business & Economics,9783565312610,https://play.google.com/store/books/details?id=7zHIEQAAQBAJ&source=gbs_api,"Economic contraction exposes the fragility concealed within businesses that thrived in favorable conditions. This book explores how enterprises construct genuine operational resilience — not through reactive cost-cutting, but through deliberate structural decisions made before and during periods of economic uncertainty. It examines the underlying dynamics of recession-resistant businesses, revealing how cash flow discipline, client concentration risk, pricing strategy, and operational flexibilit",Google Books,2026-08-30
Flourish Through Adversity,Blythe Mallory,Publifye AS,2024,,,213,Thinking & Deciding,logic|cognitive,none,Self-Help,9788233931520,https://play.google.com/store/books/details?id=7oAoEQAAQBAJ&source=gbs_api,"""""Flourish Through Adversity"""" offers a transformative journey for those grappling with life's challenges. This empowering guide combines psychological insights with practical strategies, providing a roadmap for turning setbacks into stepping stones. Through a blend of mindfulness techniques and cognitive-behavioral approaches, readers learn to cultivate resilience and personal growth in the face of adversity. The book's unique """"Adversity Response Toolkit"""" stands out, offering customizable cop",Google Books,2026-08-30
The Winning Mindset,David Niethe,HarperCollins Australia,2024,,,205,Professional Effectiveness,performance|focus|success,none,Self-Help,9781775492788,https://play.google.com/store/books/details?id=DBPyEAAAQBAJ&source=gbs_api,"What would you do in life if you knew you couldn't fail? By adopting this winning mindset, you can become fearless and capable of enduring any feedback or criticism without it affecting your self-belief. David Niethe is a mental-performance coach with a unique philosophy. His simple and effective strategies have helped business owners and elite athletes, students and CEOs, find unlimited success and confidence. The Winning Mindset will show you how to: Build a strong self-image Overcome self-lim",Google Books,2026-08-30
Bouncing Forward,Justine Martin,,2025,,,0,Self-Management,resilience|motivation,none,Self-Help,9781764006309,http://books.google.com/books?id=RNwc0QEACAAJ&dq=resilience+mindset&hl=&as_pt=BOOKS&source=gbs_api,"Discover the transformative power of resilience with ""Resilience Mindset Quotes: Words to Bounce Forward."" This curated collection features the very quotes that have inspired Justine Martin on stage and into her daily life, offering strength and motivation to persevere. Let these words serve as a catalyst for personal growth, empowering you to embrace challenges with a resilient mindset and to bounce forward with renewed vigour.",Google Books,2026-08-30
"Raising Resilient Children with Autism Spectrum Disorders: Strategies for Maximizing Their Strengths, Coping with Adversity, and Developing a Social Mindset","Robert Brooks, Sam Goldstein",McGraw Hill Professional,2012,,,289,Self-Management,resilience|optimism,none,Family & Relationships,9780071739863,https://play.google.com/store/books/details?id=4HgyGneIQOgC&source=gbs_api,"New hope for parents raising a child with autism spectrum disorders In Raising Resilient Children with Autism Spectrum Disorders, noted psychologists and bestselling authors Dr. Goldstein and Dr. Brooks teach you the strategies and mindset necessary to help your child develop strength, hope, and optimism. This is the first approach for autism spectrum disorders based in the extremely popular field of positive psychology. Drs. Brooks and Goldstein--world-renowned experts on child psychology and, ",Google Books,2026-08-30
Resilience Mindset Wordcard Podcast Season 1,Justine Martin,Independently Published,2024,,,0,Self-Management,resilience,none,Biography & Autobiography,9798326875020,http://books.google.com/books?id=NW7Q0AEACAAJ&dq=resilience+mindset&hl=&as_pt=BOOKS&source=gbs_api,"Embark on a transfer journey through the pages of the Ruth Williams mindset podcast season one book from the depths of adversity to the heights of trying this collection of raw, honest, and heartfelt stories of his readers, a profound exploration of the human spirit's resilience, hosted by Justine Martin resilience, mindset podcast season, one book features intimate conversations with 25the pages of the Ruth Williams mindset podcast season one book from the depths of adversity to the heights of ",Google Books,2026-08-30
Work without Stress: Building a Resilient Mindset for Lasting Success,"Derek Roger, Nick Petrie",McGraw Hill Professional,2016,,,224,Professional Effectiveness,success,none,Business & Economics,9781259642975,https://play.google.com/store/books/details?id=D9pnDAAAQBAJ&source=gbs_api,"FORGET EVERYTHING YOU KNOW ABOUT STRESS. If you’re like most people, you probably think that stress is an inevitable part of life. The truth is: it’s not. In a groundbreaking 30-year study, Dr. Derek Roger has discovered that everything we think we know about stress—and how we should “manage” it—is just plain wrong. STRESS IS A CHOICE. It is not a natural response to the pressures of work. It’s a choice that you make, consciously or not, to worry and fret and agonize over the work you need to do",Google Books,2026-08-30
The Resilience Mindset,Robert Hall,Austin Macauley Publishers,2025,,,165,Relationship Management,influence|trust,none,Philosophy,9781035878291,https://play.google.com/store/books/details?id=WimhEQAAQBAJ&source=gbs_api,"Resilience can help cope with a volatile and uncertain world. It is not designed to provide solutions to the causes of the shocks and stresses, but rather to establish a baseline from which we can operate, recover, and move forward. In simple terms, it is about surviving and thriving. Yet, resilience, whether professional or personal, requires an appropriate mindset or set of beliefs if it is to be effective. That mindset is shaped by values, attitudes, culture, responsibilities, and experiences",Google Books,2026-08-30
Proceeding of the International Conference on Psychology of Resilience 2011,Aries Yulianto,,2011,,,252,Self-Management,resilience,none,Resilience (Personality trait),,http://books.google.com/books?id=_vDNz8oLbgMC&dq=resilience+mindset&hl=&as_pt=BOOKS&source=gbs_api,,Google Books,2026-08-30
The Grit Workbook for Kids,Elisa Nebolsine,New Harbinger  Publications,2020,,,208,Self-Management,resilience|growth-mindset|self-control|grit,none,Juvenile Nonfiction,9781684036004,https://play.google.com/store/books/details?id=oWQDEAAAQBAJ&source=gbs_api,"In order to grow into successful and happy adults, kids need to learn perseverance, tenacity, and self-control. Based on the latest research in psychology, this is the first workbook written directly for kids to help them develop “grit,” a trait that embodies stamina, a growth mindset, and resilience—the ability to bounce back despite challenges.",Google Books,2026-08-30
Nurturing Resilience in Our Children,"Robert B. Brooks, Sam Goldstein",McGraw Hill Professional,2002,,,324,Self-Management,resilience,none,Family & Relationships,9780658021107,http://books.google.com/books?id=J9lCjAgzBycC&dq=resilience+mindset&hl=&as_pt=BOOKS&source=gbs_api,"In their critically acclaimed parenting bestseller, ""Raising Resilient Children, "" Drs. Brooks and Goldstein introduced readers to their breakthrough parenting model. In this important Q&A follow-up book, they expand upon their theory of resilience with reasonable, jargon-free answers to dozens of questions.",Google Books,2026-08-30
Tougher Than You Think,Chris Rhyss,Independently Published,2023,,,0,Self-Awareness,self-efficacy,none,,9798394949258,http://books.google.com/books?id=AEcD0AEACAAJ&dq=resilience+mindset&hl=&as_pt=BOOKS&source=gbs_api,"'Our doubts are traitors, and make us lose the good we oft might win, by fearing to attempt.' William Shakespeare - When faced with a difficult situation how well do you cope or adapt? - Do you meet the challenge head on or do you beat a hasty retreat? - Maybe you take some time to regroup and then return and try again? It's only when we're faced with obstacles, stress, and other environmental threats that we truly discover our level of resilience, or a lack thereof, but despite what you might t",Google Books,2026-08-30
Growth Mindset: A Practical Guide,Nikki Willis,Bloomsbury Publishing,2019,,,97,Self-Management,resilience|motivation|growth-mindset,none,Education,9781472955074,https://play.google.com/store/books/details?id=YJODDwAAQBAJ&source=gbs_api,"The advantages of primary pupils developing and adopting a growth mindset (a phrase first coined by Carol Dweck) have been widely discussed in education establishments and many teachers are aware of its benefits. A practical implementation of growth mindset theories is to understand which learning behaviours are the most effective; resilience, self-motivation and determination are key learning behaviours that, when developed well in a child, will support a lifetime of learning. Primary children ",Google Books,2026-08-30
The Growth Mindset Coach,"Annie Brock, Heather Hundley",Simon and Schuster,2016,,,150,Self-Management,resilience|growth-mindset|grit,none,Education,9781612436265,https://play.google.com/store/books/details?id=2eb5DAAAQBAJ&source=gbs_api,"Empower learning through grit and resilience—with this easy-to-follow teacher's guide to growth mindset strategies. Created by teachers for teachers, this is the ultimate guide for unleashing students' potential through creative lessons, empowering messages, and innovative teaching. The Growth Mindset Coach provides all you need to foster a growth mindset classroom, including: A Month-by-Month Program Research-Based Activities Hands-On Lesson Plans Real-Life Educator Stories Constructive Feedbac",Google Books,2026-08-30
"The Growth Mindset Coach, Second Edition","Annie Brock, Heather Hundley",UlyssesPress+ORM,2025,,,195,Self-Management,resilience|growth-mindset|grit,none,Education,9781646048243,https://play.google.com/store/books/details?id=ptQnEQAAQBAJ&source=gbs_api,"Bring growth mindset strategies into the classroom with the newly updated version of this best-selling, easy-to-follow guide for teachers to empower learning through grit and resilience.The teacher-favorite The Growth Mindset Coach returns in a fully updated second edition, featuring fresh strategies, research, and resources to help unleash students' potential through innovative lessons, empowering messages, and cutting-edge teaching techniques. This new edition expands its focus to address the ",Google Books,2026-08-30
In Other Words: Phrases for Growth Mindset,"Annie Brock, Heather Hundley",Simon and Schuster,2018,,,84,Self-Management,growth-mindset,none,Education,9781612438146,https://play.google.com/store/books/details?id=TMk6DwAAQBAJ&source=gbs_api,"Learn how to effectively bring growth mindset into your community and classroom by choosing impactful language. From the authors of the bestselling The Growth Mindset Coach, this handy companion is a must-have if you want to empower students through purposeful praise and feedback. Here are the key strategies, helpful tips and go-to phrases for helping students transition thoughts, words and actions into the growth-mindset zone. Designed for ease of use and packed with over a hundred specific exa",Google Books,2026-08-30
Cultivating Growth Mindset,Barbara Strong,,2021,,,110,Professional Effectiveness,performance|success,none,,9798728312468,http://books.google.com/books?id=BB9bzgEACAAJ&dq=growth+mindset&hl=&as_pt=BOOKS&source=gbs_api,"Some people have no idea how to cope with failure. Others have pretty good abilities for dealing with failure. But there is also the third group of people, the ones who love failure. Well, the best way to not be discouraged by failure is to not even think you're failing, but rather that you're learning. Entering the world of two different mindsets, the most important question you have to ask yourself is the following: If you had to choose, what would your priority be - loads of success and valid",Google Books,2026-08-30
Cultivating a Growth Mindset in Students,"Jacob Williams, Ph.D.","National Professional Resources, Inc.",2018,,,6,Self-Management,growth-mindset,none,Education,9781938539985,http://books.google.com/books?id=qVVyDwAAQBAJ&dq=growth+mindset&hl=&as_pt=BOOKS&source=gbs_api,Why do some highly capable students not excel in school while others achieve great success? Why do some individuals consistently exert effort when faced with challenges while others give up? And what can teachers do to help ensure all learners work hard and meet their full potential? The answer comes down to mindset. This quick-reference laminated guide looks at the two mindset types identified by Carol Dweck (2006): fixed mindset and growth mindset. It reviews the characteristics of each mindse,Google Books,2026-08-30
"Promoting Belonging, Growth Mindset, and Resilience to Foster Student Success","Amy Baldwin, Bryce D. Bunting, Doug Daugherty, Latoya Lewis, Timothy A. Steenbergh",First-Year Experience and Students in Transition University of South Carolina,2019,,,,Self-Management,resilience|growth-mindset,none,Academic achievement,9781942072379,http://books.google.com/books?id=7tABwgEACAAJ&dq=growth+mindset&hl=&as_pt=BOOKS&source=gbs_api,"""This book aims to deepen the conversation about the noncognitive factors that significantly impact student success. Not just a book about how to support the development of learning mindsets such as belonging, growth mindset, and resilience in students, it will also include strategies for college personnel to consider as they create initiatives, programs, and assessments to develop these noncognitive factors""--",Google Books,2026-08-30
Mindsets for Parents,"Mary Cay Ricci, Margaret Lee",Taylor & Francis,2023,,,141,Self-Management,growth-mindset,none,Family & Relationships,9781003816843,https://play.google.com/store/books/details?id=nmPiEAAAQBAJ&source=gbs_api,"All parents want their children to be successful, but success is not just about giving your kids praise or setting them on the right direction. Research shows that success is often dependent on mindset. That’s where the updated edition of Mindsets for Parents comes in! Designed to provide a roadmap for developing a growth mindset home environment, this book’s conversational style and real-world examples make the popular mindsets topic approachable and engaging. It includes tools for informally a",Google Books,2026-08-30
Growth Mindset Lessons,"Shirley Clarke, Katherine Muncaster",Hachette UK,2017,,,291,Self-Management,growth-mindset,none,Social Science,9781471899133,http://books.google.com/books?id=JCCWDwAAQBAJ&dq=growth+mindset&hl=&as_pt=BOOKS&source=gbs_api,"Practising teacher and mindset expert Katherine Muncaster has combined with best-selling author Shirley Clarke to produce this 'must-have' handbook for anyone looking to embed a growth mindset culture across their primary school. With practical strategies, lesson plans and extensive examples and realia in full colour, this comprehensive resource takes the concept of growth mindset and turns it into a powerful reality. · A comprehensive and practical scheme of work which will develop a powerful l",Google Books,2026-08-30
Growth Mindset Pocketbook,"Barry Hymer, Mike Gershon",Management Pocketbooks,2014,,,132,Self-Management,growth-mindset,none,Education,9781908284723,https://play.google.com/store/books/details?id=_pr_BgAAQBAJ&source=gbs_api,People with fixed mindsets believe that fundamental qualities like intelligence are essentially stable; people with growth mindsets believe that such qualities can be developed and nurtured. Research shows that learners with growth mindsets are more: open to challenges and constructively critical feedback; resilient in the face of obstacles and failure; convinced that effort makes a difference; able to learn well with and from others; likely to succeed. If we can foster growth mindsets in our pu,Google Books,2026-08-30
Loneliness Among Youth and Young Adults,"Viviana Horigian, Jessica Hemberg, Renae Schmidt",Frontiers Media SA,2026,,,131,Self-Management,anxiety,none,Medical,9782832582022,http://books.google.com/books?id=5rPtEQAAQBAJ&dq=growth+mindset&hl=&as_pt=BOOKS&source=gbs_api,"Research has highlighted the increasing prevalence of loneliness and lack of social connectedness, specifically among adolescents and young adults. Growing attention has focused on its links to mental health conditions and other health outcomes, including increased mortality risk. The COVID-19 pandemic heightened awareness of these issues, bringing particular concern to younger generations, who emerged as the loneliest group. As the expanding loneliness crisis intersected with the opioid overdos",Google Books,2026-08-30
A 12-Minute Summary of Mindset,Bolo,,2015,,,34,Professional Effectiveness,success|achievement,none,,9781680305784,http://books.google.com/books?id=ZkkgjgEACAAJ&dq=growth+mindset&hl=&as_pt=BOOKS&source=gbs_api,"We value your time, so we keep it short and concise. Mindset is Dr. Carol Dweck's New Psychology of Success. She examines the two mindsets, the Fixed Mindset and the Growth Mindset. Dweck explains how the growth mindset can magically improve and change your life, how it can help you attain the success you crave. Do you want to reach the success you are craving for but don't know how? Well, your courage is your first step; once you have that, everything will go your way. All you have to do is gra",Google Books,2026-08-30
The Growth Mindset Playbook,"Annie Brock, Heather Hundley",Simon and Schuster,2017,,,167,Self-Management,growth-mindset,none,Education,9781612436944,https://play.google.com/store/books/details?id=Nm0qDwAAQBAJ&source=gbs_api,"Discover effective and accessible tools for transforming your classroom and inspiring your students with this easy-to-use guide. Students who harness the power of growth mindset can succeed beyond their wildest imagination. The key is having a growth-mindset teacher who provides support, guidance, and encouragement. Packed with research-based teaching methods, this approachable guide for applying the growth mindset offers: • Tips for overcoming challenges • Strategies for inspiring students • Id",Google Books,2026-08-30
Doubting the efficacy of the growth mindset. A literature review,Fabio Zander,GRIN Verlag,2017,,,32,Self-Management,growth-mindset,none,Psychology,9783668452008,https://play.google.com/store/books/details?id=kYklDwAAQBAJ&source=gbs_api,"Literature Review from the year 2017 in the subject Psychology - Social Psychology, grade: 1,7, Lund University (Department of Psychology), language: English, abstract: The concept of the growth mindset has become better known over the last years and is presented as an important key factor determining failure and success (Dweck, 2006). This paper evaluates the current research on Dweck’s mindset theory as well as its scientific foundation. The main goal of this paper is to critically review the ",Google Books,2026-08-30
"Growth Mindset: The Proven Strategies for Unlocking the Secrets to Success, Overcoming Fear, Developing Self Discipline, Emotional Intelligence, and Self Confidence to Achieve",Eric Holt,Eric Holt,2023,,,79,Self-Management,motivation|growth-mindset|self-discipline|grit,goleman,Self-Help,9781835121818,https://play.google.com/store/books/details?id=kSnNEAAAQBAJ&source=gbs_api,"Unlock Your True Potential with Growth Mindset – Proven Strategies to Achieve Success, Overcome Fear, and Develop Self-Discipline Are self-limiting beliefs holding you back from reaching your full potential? Are you tired of feeling stuck and lacking progress in your life? Discover the power of a growth mindset and transform your life by overcoming fear, developing self-discipline, boosting emotional intelligence, and building unwavering self-confidence. In Growth Mindset, Eric Holt provides a c",Google Books,2026-08-30
Talk to Your Brain,"Veronica Colley, Clarissa Johnson",,2019,,,164,Relationship Management,conflict-resolution|teamwork|feedback|relationship,none,,9781077493087,http://books.google.com/books?id=b1AoxwEACAAJ&dq=growth+mindset&hl=&as_pt=BOOKS&source=gbs_api,"""Your brain is the most amazing thing, it listens to what you say ..."" Positive self-talk and a Growth Mindset are incredibly powerful tools for lifelong learning. This thoughtfully written teaching resource will walk you through everything you need to bring the language of successful life-long learners into your classroom. Through the daily repetition in these 10 minute micro lessons your children will learn to use positive self-talk to be able to better handle any situation. When things got ha",Google Books,2026-08-30
Challenging Mindset,"James Nottingham, Bosse Larsson",Corwin Press,2018,,,225,Self-Management,growth-mindset,none,Education,9781506376639,http://books.google.com/books?id=1VhiDwAAQBAJ&dq=growth+mindset&hl=&as_pt=BOOKS&source=gbs_api,Create the right conditions for a growth mindset to flourish in your school and your students Mindset doesn’t matter when things are easy; it is only when faced with challenges that working from a growth mindset influences learning. But what is a ‘growth mindset’? Why are mindset interventions not working in schools (yet)? What can be done to change this? Challenging Mindset answers key questions about Carol Dweck’s theory of Mindset and shares proven strategies for putting mindset theory into p,Google Books,2026-08-30
