title,author,age_range,book_type,audience,casel_domain,problem_tags,source
Brave Every Day,Trudy Ludwig,6-8,children_fiction,children,Self-Management,"anxiety,fear,self-esteem",WeAreTeachers
A Case of the Zaps,Alex Boniello & April Lavalle,6-8,children_fiction,children,Self-Management,anxiety,WeAreTeachers
The Whatifs,Emily Kilgore,6-8,children_fiction,children,Self-Management,anxiety,WeAreTeachers
Jabari Jumps,Gaia Cornwall,6-8,children_fiction,children,Self-Management,"fear,confidence,resilience",WeAreTeachers
The Book of Mistakes,Corinna Luyken,6-8,children_fiction,children,Self-Management,"perfectionism,growth-mindset",WeAreTeachers
The Invisible Boy,Trudy Ludwig,6-9,children_fiction,children,Social-Awareness,"inclusion,friendship,empathy",WeAreTeachers
Those Shoes,Maribeth Boelts,6-9,children_fiction,children,Social-Awareness,"empathy,perspective-taking",WeAreTeachers
My Very Own Space,Pippa Goodhart & Rebecca Crane,6-8,children_fiction,children,Relationship-Skills,"conflict,social-skills",WeAreTeachers
Eyes That Kiss in the Corners,Joanna Ho,6-8,children_fiction,children,Self-Awareness,"identity,self-acceptance,diversity",WeAreTeachers
I Love Strawberries!,Shannon Anderson,6-9,children_fiction,children,Responsible-Decision-Making,"responsibility,growth-mindset",WeAreTeachers
Argyle Fox,Marie Letourneau,6-8,children_fiction,children,Self-Management,"resilience,growth-mindset",WeAreTeachers
A Small Kindness,Stacy McAnulty,6-8,children_fiction,children,Social-Awareness,"kindness,empathy",WeAreTeachers
Evelyn Del Rey Is Moving Away,Meg Medina,6-8,children_fiction,children,Self-Management,"moving,friendship,loss",WeAreTeachers
The Circles in the Sky,Karl James Mountford,6-9,children_fiction,children,Self-Management,"grief,loss",WeAreTeachers
Big Feelings,Alexandra Penfold,6-8,children_fiction,children,Self-Awareness,"emotions,emotional-literacy,resilience",WeAreTeachers
Cranky Right Now,Julie Berry,6-8,children_fiction,children,Self-Management,"anger,emotions",WeAreTeachers
Ruthie and the (Not So) Teeny Tiny Lie,Laura Rankin,6-8,children_fiction,children,Responsible-Decision-Making,honesty,WeAreTeachers
Stop and Smell the Cookies,Gibson Frazier,6-8,children_fiction,children,Self-Management,"impulse-control,mindfulness",WeAreTeachers
My Mouth Is a Volcano!,Julia Cook,6-9,children_fiction,children,Self-Management,"impulse-control,communication",WeAreTeachers
You Will Be My Friend!,Peter Brown,6-8,children_fiction,children,Relationship-Skills,"friendship,social-skills",WeAreTeachers
The Rough Patch,Brian Lies,6-9,children_fiction,children,Self-Management,"grief,resilience",WeAreTeachers
The Drama Llama,Rachel Morrisroe,6-8,children_fiction,children,Self-Management,"anxiety,social-skills",WeAreTeachers
Finding Grateful,Dianne White,6-8,children_fiction,children,Social-Awareness,"gratitude,mindfulness",WeAreTeachers
The Rabbit Listened,Cori Doerrfeld,6-8,children_fiction,children,Self-Management,"grief,empathy,emotions",WeAreTeachers
A Sick Day for Amos McGee,Philip C. Stead,6-8,children_fiction,children,Relationship-Skills,"friendship,kindness,empathy",WeAreTeachers
Silver Linings,Fiona Woodcock,6-8,children_fiction,children,Self-Management,"resilience,empathy",WeAreTeachers
Lola and the Troll,Connie Schultz,6-9,children_fiction,children,Social-Awareness,"bullying,self-esteem",WeAreTeachers
Daisy,Jessixa Bagley,6-8,children_fiction,children,Social-Awareness,"bullying,self-esteem",WeAreTeachers
Rulers of the Playground,Joseph Kuefler,6-8,children_fiction,children,Relationship-Skills,"friendship,social-skills,conflict",WeAreTeachers
A Friend for Henry,Jenn Bailey,6-8,children_fiction,children,Relationship-Skills,"friendship,inclusion,diversity",WeAreTeachers
Milo Imagines the World,Matt de la Peña,6-9,children_fiction,children,Social-Awareness,"empathy,perspective-taking",WeAreTeachers
I Am a Thundercloud,Leah Moser,6-8,children_fiction,children,Self-Management,"anger,emotions,emotional-literacy",WeAreTeachers
Be Kind,Pat Zietlow Miller,6-8,children_fiction,children,Social-Awareness,"kindness,empathy,inclusion",WeAreTeachers/MacKids
What to Do When You Worry Too Much: A Kid's Guide to Overcoming Anxiety,Dawn Huebner,6-12,children_nonfiction,"children,educators",Self-Management,anxiety,Child Mind Institute
The Fix-It Friends: Have No Fear!,Nicole C. Kear,7-10,children_fiction,children,Self-Management,"anxiety,fear",Child Mind Institute
How Big Are Your Worries Little Bear?,Jayneen Sanders,6-10,children_fiction,children,Self-Management,anxiety,Child Mind Institute
Ruby Finds a Worry,Tom Percival,6-8,children_fiction,children,Self-Management,anxiety,Child Mind Institute
Hattie Harmony: Worry Detective,Elizabeth Olsen & Robbie Arnett,6-8,children_fiction,children,Self-Management,"anxiety,school-anxiety",Child Mind Institute
Don't Feed the WorryBug,Andi Green,6-8,children_fiction,children,Self-Management,anxiety,Child Mind Institute
Invisible Isabel,Sally J. Pla,8-12,children_fiction,children,Self-Management,"anxiety,school-anxiety",Child Mind Institute
The Worry Monster,Dr. Catherine Cook-Cottone,6-8,children_fiction,children,Self-Management,anxiety,Child Mind Institute
Cory Stories: A Kid's Book About Living With ADHD,Jeanne Kraus,6-11,children_fiction,children,Self-Management,adhd,Child Mind Institute
That Always Happens Sometimes,Kiley Frank,6-8,children_fiction,children,Self-Management,adhd,Child Mind Institute
Wonder,R.J. Palacio,8-12,children_fiction,children,Social-Awareness,"bullying,inclusion,empathy",Child Mind Institute
Tease Monster: A Book About Teasing vs. Bullying,Julia Cook,6-10,children_fiction,children,Social-Awareness,bullying,Child Mind Institute
Am I a Bully?,Hope Gilchrist,6-9,children_fiction,children,Social-Awareness,bullying,Child Mind Institute
Warp Speed,Lisa Yee,8-12,children_fiction,children,Social-Awareness,"bullying,resilience",Child Mind Institute
Chrysanthemum,Kevin Henkes,6-8,children_fiction,children,Social-Awareness,"bullying,self-esteem",Child Mind Institute
I Miss You: A First Look at Death,Pat Thomas,6-8,children_nonfiction,"children,educators",Self-Management,"grief,loss",Child Mind Institute
The Invisible String,Patrice Karst,6-8,children_fiction,children,Self-Management,"grief,loss,anxiety",Child Mind Institute
When Dinosaurs Die,Laurie Krasny Brown & Marc Brown,6-9,children_nonfiction,"children,educators",Self-Management,"grief,loss",Child Mind Institute
One Wave at a Time,Holly Thompson,6-8,children_fiction,children,Self-Management,"grief,loss",Child Mind Institute
Mr. Worry: A Story About OCD,Holly L. Niner,7-12,children_fiction,children,Self-Management,"anxiety,perfectionism",Child Mind Institute
Up and Down the Worry Hill,Aureen Pinto Wagner,7-10,children_nonfiction,"children,educators",Self-Management,"anxiety,perfectionism",Child Mind Institute
Finding Perfect,Elly Swartz,9-12,children_fiction,children,Self-Management,"perfectionism,anxiety",Child Mind Institute
Fish in a Tree,Lynda Mullaly Hunt,8-12,children_fiction,children,Self-Awareness,"self-esteem,confidence,friendship",Child Mind Institute
In My Heart: A Book of Feelings,Jo Witek,6-8,children_fiction,children,Self-Awareness,"emotions,emotional-literacy",Child Mind Institute
When Sophie Gets Angry,Molly Bang,6-8,children_fiction,children,Self-Management,"anger,emotional-literacy",Child Mind Institute
When Sadness Is at Your Door,Eva Eland,6-8,children_fiction,children,Self-Management,"sadness,emotions",Child Mind Institute
A Terrible Thing Happened,Margaret M. Holmes,6-9,children_fiction,children,Self-Management,"stress,grief",Child Mind Institute
The War That Saved My Life,Kimberly Brubaker Bradley,9-12,children_fiction,children,Self-Management,"grief,resilience,stress",Child Mind Institute
Red: A Crayon's Story,Michael Hall,6-9,children_fiction,children,Self-Awareness,"identity,self-acceptance",Child Mind Institute
Lola's Words Disappeared,Elaheh Bos,6-8,children_fiction,children,Self-Management,"anxiety,social-skills",Child Mind Institute
A Boy Called Bat,Elana K. Arnold,6-10,children_fiction,children,Social-Awareness,"diversity,friendship,inclusion",Child Mind Institute
Good Different,Meg Eden Kuyatt,8-12,children_fiction,children,Social-Awareness,"diversity,self-acceptance,inclusion",Child Mind Institute
A Whole New Ballgame,Phil Bildner,8-12,children_fiction,children,Social-Awareness,"diversity,friendship",Child Mind Institute
What to Do When Your Temper Flares,Dawn Huebner,6-12,children_nonfiction,"children,educators",Self-Management,"anger,impulse-control",Magination Press
What to Do When Mistakes Make You Quake,Claire A.B. Freeland & Jacqueline B. Toner,8-12,children_nonfiction,"children,educators",Self-Management,"perfectionism,resilience",Magination Press
What to Do When You Feel Too Shy,Claire A.B. Freeland & Jacqueline B. Toner,6-12,children_nonfiction,"children,educators",Self-Management,"anxiety,social-skills,confidence",Magination Press
What to Do When It's Not Fair,Jacqueline B. Toner & Claire A.B. Freeland,6-12,children_nonfiction,"children,educators",Self-Awareness,"emotions,conflict",Magination Press
What to Do When You Grumble Too Much,Dawn Huebner,6-12,children_nonfiction,"children,educators",Self-Awareness,"emotions,resilience,growth-mindset",Magination Press
What to Do When You Don't Want to Be Apart,Kristen Lavallee & Sheryl Hendry,6-12,children_nonfiction,"children,educators",Self-Management,"anxiety,fear",Magination Press
A Feel Better Book for Little Worriers,Holly Brochmann & Leah Bowen,6-8,children_nonfiction,"children,educators",Self-Management,anxiety,Magination Press
A Feel Better Book for Little Tempers,Holly Brochmann & Leah Bowen,6-8,children_nonfiction,"children,educators",Self-Management,anger,Magination Press
Shield Up! How Upstanding Bystanders Stop Bullying,Marcella Marino Craver,8-12,children_nonfiction,"children,educators",Social-Awareness,bullying,Magination Press
Ouch Moments: When Words Are Used in Hurtful Ways,Michael Genhart,6-8,children_fiction,"children,educators",Social-Awareness,"bullying,empathy",Magination Press
Visiting Feelings,Lauren Rubenstein,6-8,children_fiction,"children,educators",Self-Awareness,"emotions,mindfulness",Magination Press
Bee Still: An Invitation to Meditation,Frank J. Sileo,6-8,children_fiction,"children,educators",Self-Management,"mindfulness,anxiety",Magination Press
A World of Pausabilities,Frank J. Sileo,6-8,children_fiction,"children,educators",Self-Management,mindfulness,Magination Press
Something Happened In Our Town,Marianne Celano et al.,6-8,children_fiction,"children,educators",Social-Awareness,"diversity,inclusion,empathy",Magination Press
Danny and the Blue Cloud,James M. Foley,6-9,children_fiction,"children,educators",Self-Management,sadness,Magination Press
Grow Happy,Jon Lasser & Sage Foster-Lasser,6-8,children_fiction,"children,educators",Social-Awareness,"gratitude,resilience",Magination Press
Grow Grateful,Sage Foster-Lasser & Jon Lasser,6-8,children_fiction,"children,educators",Social-Awareness,gratitude,Magination Press
"Stand Tall, Molly Lou Melon",Patty Lovell,6-8,children_fiction,children,Self-Awareness,"self-esteem,bullying,confidence",Goodreads
The Most Magnificent Thing,Ashley Spires,6-8,children_fiction,children,Self-Management,"perfectionism,growth-mindset,resilience",Goodreads
I Like Myself!,Karen Beaumont,6-8,children_fiction,children,Self-Awareness,"self-esteem,self-acceptance",Goodreads
"Alexander and the Terrible, Horrible, No Good, Very Bad Day",Judith Viorst,6-9,children_fiction,children,Self-Awareness,"emotions,resilience",Goodreads
The Huge Bag of Worries,Virginia Ironside,6-8,children_fiction,children,Self-Management,anxiety,Goodreads
What Do You Do With a Problem?,Kobi Yamada,6-9,children_fiction,children,Self-Management,"resilience,growth-mindset",Goodreads
Sometimes I'm Bombaloo,Rachel Vail,6-8,children_fiction,children,Self-Management,"anger,impulse-control",Goodreads
Friendship is Like a Seesaw,Shona Innes,6-9,children_fiction,children,Relationship-Skills,"friendship,conflict",Goodreads
Do Unto Otters: A Book About Manners,Laurie Keller,6-8,children_fiction,children,Relationship-Skills,"social-skills,kindness",Goodreads
The Hating Book,Charlotte Zolotow,6-8,children_fiction,children,Relationship-Skills,"friendship,conflict,communication",Goodreads
The Colors of Us,Karen Katz,6-8,children_fiction,children,Social-Awareness,"diversity,inclusion,identity",Goodreads
Zach Gets Frustrated,William Mulcahy,6-8,children_fiction,children,Self-Management,"anger,emotions",Goodreads
Ruby's Worry,Tom Percival,6-8,children_fiction,"children,educators",Self-Management,anxiety,TeachingExpertise
The Proudest Blue,Ibtihaj Muhammad,6-9,children_fiction,"children,educators",Self-Awareness,"identity,diversity,self-esteem",TeachingExpertise
The Boy At the Back of the Class,Onjali Rauf,8-12,children_fiction,"children,educators",Social-Awareness,"empathy,diversity,inclusion",TeachingExpertise
Have You Filled a Bucket Today?,Carol McCloud,6-9,children_fiction,"children,educators",Social-Awareness,"kindness,social-skills",TeachingExpertise
The Boy Who Made the World Disappear,Ben Miller,6-9,children_fiction,"children,educators",Self-Management,"anger,impulse-control",TeachingExpertise
Train Your Angry Dragon,Steve Herman,6-9,children_fiction,"children,educators",Self-Management,anger,TeachingExpertise
Teach Your Dragon to Make Friends,Steve Herman,6-9,children_fiction,"children,educators",Relationship-Skills,"friendship,social-skills",TeachingExpertise
My Body Sends a Signal,Natalia Maguire,6-9,children_fiction,"children,educators",Self-Awareness,"emotional-literacy,emotions",TeachingExpertise
Kindness is my Superpower,Alicia Ortego,6-8,children_fiction,"children,educators",Social-Awareness,"kindness,empathy",TeachingExpertise
Enemy Pie,Derek Munson,6-9,children_fiction,"children,educators",Relationship-Skills,"conflict,friendship,empathy",TeachingExpertise
The Way I Feel,Janan Cain,6-8,children_fiction,"children,educators",Self-Awareness,"emotions,emotional-literacy",TeachingExpertise
"The Boy with Big, Big Feelings",Britney Winn Lee,6-8,children_fiction,"children,educators",Self-Management,"anxiety,emotions,emotional-literacy",TeachingExpertise
The Crayons' Book of Feelings,Drew Daywalt,6-8,children_fiction,"children,educators",Self-Awareness,"emotions,emotional-literacy",TeachingExpertise
Be Brave,Poppy O'Neill,6-9,children_nonfiction,"children,educators",Self-Management,"anxiety,confidence",TeachingExpertise
Listen Like an Elephant,Kira Willey,6-8,children_fiction,"children,educators",Self-Management,"mindfulness,communication",TeachingExpertise
Interrupting Chicken,David Ezra Stein,6-8,children_fiction,"children,educators",Self-Management,"impulse-control,communication",TeachingExpertise
Say Something,Peter H. Reynolds,6-9,children_fiction,"children,educators",Self-Awareness,"confidence,bullying",TeachingExpertise
The Gray,Chris Baron,9-12,children_fiction,children,Self-Management,"anxiety,bullying,resilience",MacKids
Friends Forever,Shannon Hale,9-12,children_fiction,children,Relationship-Skills,"friendship,self-acceptance,identity",MacKids
Maybe It's a Sign,E. L. Shen,9-12,children_fiction,children,Self-Management,"grief,loss,self-acceptance",MacKids
Weirdo,Tony Weaver Jr.,9-12,children_fiction,children,Social-Awareness,"bullying,identity,confidence",MacKids
Frizzy,Claribel A. Ortega,9-12,children_fiction,children,Self-Awareness,"self-acceptance,identity,diversity",MacKids
Uprooted,Ruth Chan,9-12,children_fiction,children,Self-Management,"moving,identity,friendship",MacKids
The Worst Day of My Life Ever!,Julia Cook,6-9,children_fiction,"children,educators",Self-Management,"impulse-control,responsibility,social-skills",Free Spirit Publishing
I Just Don't Like the Sound of No!,Julia Cook,6-9,children_fiction,"children,educators",Self-Management,"impulse-control,anger",Free Spirit Publishing
"Sorry, I Forgot to Ask!",Julia Cook,6-9,children_fiction,"children,educators",Responsible-Decision-Making,"responsibility,communication",Free Spirit Publishing
"Teamwork Isn't My Thing, and I Don't Like to Share!",Julia Cook,6-9,children_fiction,"children,educators",Relationship-Skills,"cooperation,sharing",Free Spirit Publishing
I Just Want to Do It My Way!,Julia Cook,6-9,children_fiction,"children,educators",Self-Management,"impulse-control,cooperation",Free Spirit Publishing
Thanks for the Feedback...(I Think!),Julia Cook,6-9,children_fiction,"children,educators",Self-Management,"resilience,growth-mindset,emotions",Free Spirit Publishing
I Can't Believe You Said That!,Julia Cook,6-9,children_fiction,"children,educators",Relationship-Skills,"communication,impulse-control",Free Spirit Publishing
Making Friends Is an Art!,Julia Cook,6-9,children_fiction,"children,educators",Relationship-Skills,"friendship,social-skills",Free Spirit Publishing
Cliques Just Don't Make Cents,Julia Cook,6-10,children_fiction,"children,educators",Relationship-Skills,"friendship,inclusion,social-skills",Free Spirit Publishing
Peer Pressure Gauge,Julia Cook,8-12,children_fiction,"children,educators",Responsible-Decision-Making,"peer-pressure,choices,responsibility",Free Spirit Publishing
Hygiene...You Stink!,Julia Cook,6-10,children_fiction,"children,educators",Relationship-Skills,"social-skills,self-esteem",Free Spirit Publishing
I Want to Be the Only Dog,Julia Cook,6-8,children_fiction,"children,educators",Relationship-Skills,"new-sibling,sharing,cooperation",Free Spirit Publishing
Table Talk,Julia Cook,6-9,children_fiction,"children,educators",Relationship-Skills,"social-skills,communication,manners",Free Spirit Publishing
The Judgmental Flower,Julia Cook,6-9,children_fiction,"children,educators",Social-Awareness,"empathy,perspective-taking,diversity",Free Spirit Publishing
Rumor Has It,Julia Cook,8-12,children_fiction,"children,educators",Responsible-Decision-Making,"honesty,communication,friendship",Free Spirit Publishing
"Well, I Can Top That",Julia Cook,6-9,children_fiction,"children,educators",Self-Management,"impulse-control,communication,social-skills",Free Spirit Publishing
Decibella and Her 6-Inch Voice,Julia Cook,6-9,children_fiction,"children,educators",Relationship-Skills,"communication,impulse-control",Free Spirit Publishing
Gas Happens!,Julia Cook,6-9,children_fiction,"children,educators",Relationship-Skills,"social-skills,self-esteem",Free Spirit Publishing
Technology Tail,Julia Cook,6-10,children_fiction,"children,educators",Responsible-Decision-Making,"technology,responsibility,communication",Free Spirit Publishing
But It's Not My Fault!,Julia Cook,6-10,children_fiction,"children,educators",Responsible-Decision-Making,"responsibility,choices",Free Spirit Publishing
Battitude!,Julia Cook,6-10,children_fiction,"children,educators",Self-Management,"anger,resilience,growth-mindset",Free Spirit Publishing
But That Rule Doesn't Apply to Me,Julia Cook,6-10,children_fiction,"children,educators",Responsible-Decision-Making,"responsibility,choices",Free Spirit Publishing
Cheaters Never Prosper,Julia Cook,8-12,children_fiction,"children,educators",Responsible-Decision-Making,"honesty,choices,integrity",Free Spirit Publishing
The Procrastinator,Julia Cook,8-12,children_fiction,"children,educators",Responsible-Decision-Making,"responsibility,organization,stress",Free Spirit Publishing
What's in It for Me?,Julia Cook,8-12,children_fiction,"children,educators",Responsible-Decision-Making,"responsibility,kindness,choices",Free Spirit Publishing
"Herman Jiggle, Say Hello!",Julia Cook,6-8,children_fiction,"children,educators",Relationship-Skills,"social-skills,friendship,anxiety",Free Spirit Publishing
"Herman Jiggle, Go to Sleep",Julia Cook,6-8,children_fiction,"children,educators",Self-Management,"anxiety,fear",Free Spirit Publishing
It's My Way or the Highway,Julia Cook,8-12,children_fiction,"children,educators",Relationship-Skills,"cooperation,conflict,impulse-control",Free Spirit Publishing
The Great Compromise,Julia Cook,8-12,children_fiction,"children,educators",Relationship-Skills,"cooperation,conflict,communication",Free Spirit Publishing
The I in Integrity,Julia Cook,8-12,children_fiction,"children,educators",Responsible-Decision-Making,"integrity,honesty,responsibility",Free Spirit Publishing
Cool Down and Work Through Anger,Cheri J. Meiners,6-8,children_nonfiction,"children,educators",Self-Management,"anger,impulse-control",Free Spirit Publishing
Accept and Value Each Person,Cheri J. Meiners,6-8,children_nonfiction,"children,educators",Social-Awareness,"diversity,inclusion,empathy",Free Spirit Publishing
Be Honest and Tell the Truth,Cheri J. Meiners,6-8,children_nonfiction,"children,educators",Responsible-Decision-Making,honesty,Free Spirit Publishing
Reach Out and Give,Cheri J. Meiners,6-8,children_nonfiction,"children,educators",Social-Awareness,"kindness,empathy",Free Spirit Publishing
When I Feel Afraid,Cheri J. Meiners,6-8,children_nonfiction,"children,educators",Self-Management,"fear,anxiety",Free Spirit Publishing
Understand and Care,Cheri J. Meiners,6-8,children_nonfiction,"children,educators",Social-Awareness,"empathy,perspective-taking",Free Spirit Publishing
Try and Stick With It,Cheri J. Meiners,6-8,children_nonfiction,"children,educators",Self-Management,"resilience,growth-mindset",Free Spirit Publishing
Talk and Work It Out,Cheri J. Meiners,6-8,children_nonfiction,"children,educators",Relationship-Skills,"conflict,communication",Free Spirit Publishing
Share and Take Turns,Cheri J. Meiners,6-8,children_nonfiction,"children,educators",Relationship-Skills,"sharing,cooperation",Free Spirit Publishing
Respect and Take Care of Things,Cheri J. Meiners,6-8,children_nonfiction,"children,educators",Responsible-Decision-Making,responsibility,Free Spirit Publishing
Listen and Learn,Cheri J. Meiners,6-8,children_nonfiction,"children,educators",Relationship-Skills,"communication,social-skills",Free Spirit Publishing
Know and Follow Rules,Cheri J. Meiners,6-8,children_nonfiction,"children,educators",Responsible-Decision-Making,"responsibility,choices",Free Spirit Publishing
Join In and Play,Cheri J. Meiners,6-8,children_nonfiction,"children,educators",Relationship-Skills,"friendship,social-skills",Free Spirit Publishing
Be Polite and Kind,Cheri J. Meiners,6-8,children_nonfiction,"children,educators",Social-Awareness,"kindness,manners,social-skills",Free Spirit Publishing
Be Careful and Stay Safe,Cheri J. Meiners,6-8,children_nonfiction,"children,educators",Responsible-Decision-Making,"responsibility,choices",Free Spirit Publishing
How to Take the Grrrr Out of Anger,Elizabeth Verdick & Marjorie Lisovskis,9-12,children_nonfiction,"children,educators",Self-Management,"anger,impulse-control",Free Spirit Publishing
Bullies Are a Pain in the Brain,Trevor Romain,9-12,children_nonfiction,"children,educators",Social-Awareness,"bullying,resilience",Free Spirit Publishing
"Cliques, Phonies & Other Baloney",Trevor Romain,9-12,children_nonfiction,"children,educators",Relationship-Skills,"friendship,social-skills,bullying",Free Spirit Publishing
Stress Can Really Get on Your Nerves,Trevor Romain & Elizabeth Verdick,9-12,children_nonfiction,"children,educators",Self-Management,"stress,resilience",Free Spirit Publishing
How to Do Homework Without Throwing Up,Trevor Romain,9-12,children_nonfiction,"children,educators",Self-Management,"school-anxiety,stress,organization",Free Spirit Publishing
"Dude, That's Rude! (Get Some Manners)",Elizabeth Verdick & Natasha Lewin,9-12,children_nonfiction,"children,educators",Relationship-Skills,"manners,social-skills,communication",Free Spirit Publishing
Don't Behave Like You Live in a Cave,Elizabeth Verdick,9-12,children_nonfiction,"children,educators",Relationship-Skills,"social-skills,communication,manners",Free Spirit Publishing
"Siblings: You're Stuck with Each Other, So Stick Together",James Crist & Elizabeth Verdick,9-12,children_nonfiction,"children,educators",Relationship-Skills,"siblings,conflict,communication",Free Spirit Publishing
Stand Up to Bullying!,Phyllis Kaufman Goodstein & Elizabeth Verdick,9-12,children_nonfiction,"children,educators",Social-Awareness,"bullying,empathy,choices",Free Spirit Publishing
"See You Later, Procrastinator! (Get It Done)",Pamela Espeland & Elizabeth Verdick,9-12,children_nonfiction,"children,educators",Responsible-Decision-Making,"responsibility,organization,stress",Free Spirit Publishing
Get Organized Without Losing It,Janet S. Fox & Elizabeth Verdick,9-12,children_nonfiction,"children,educators",Self-Management,"organization,responsibility",Free Spirit Publishing
How to Take the ACHE Out of Mistakes,Elizabeth Verdick & Marjorie Lisovskis,9-12,children_nonfiction,"children,educators",Self-Management,"perfectionism,resilience,growth-mindset",Free Spirit Publishing
How to Take the GROAN Out of Grown-Ups (and Get Along!),Elizabeth Verdick,9-12,children_nonfiction,"children,educators",Relationship-Skills,"communication,conflict",Free Spirit Publishing
You Got a Phone! (Now Read This Book),Elizabeth Verdick,9-12,children_nonfiction,"children,educators",Responsible-Decision-Making,"technology,responsibility,communication",Free Spirit Publishing
Yay! You Failed!,Shannon Anderson,6-9,children_nonfiction,"children,educators",Self-Management,"resilience,growth-mindset,perfectionism",Free Spirit Publishing
Ease the Tease,Judy S. Freedman,6-9,children_nonfiction,"children,educators",Social-Awareness,"bullying,social-skills,resilience",Free Spirit Publishing
"Make a Friend, Be a Friend",Eric Braun,6-9,children_nonfiction,"children,educators",Relationship-Skills,"friendship,social-skills",Free Spirit Publishing
Rules! Rules! Rules!,Eric Braun,6-9,children_nonfiction,"children,educators",Responsible-Decision-Making,"responsibility,choices",Free Spirit Publishing
"Be Yourself, Like Yourself",Judy S. Freedman,6-9,children_nonfiction,"children,educators",Self-Awareness,"self-acceptance,self-esteem,confidence",Free Spirit Publishing
"Hi, Worry. Bye, Worry!",Shannon Anderson,6-9,children_nonfiction,"children,educators",Self-Management,"anxiety,resilience",Free Spirit Publishing
Weird!,Erin Frankel,6-9,children_fiction,"children,educators",Social-Awareness,"bullying,self-acceptance",Free Spirit Publishing
Dare!,Erin Frankel,6-9,children_fiction,"children,educators",Social-Awareness,"bullying,self-esteem,empathy",Free Spirit Publishing
Tough!,Erin Frankel,6-9,children_fiction,"children,educators",Social-Awareness,"bullying,empathy,perspective-taking",Free Spirit Publishing
Be Positive!,Cheri J. Meiners,6-8,children_nonfiction,"children,educators",Self-Awareness,"optimism,growth-mindset,resilience",Free Spirit Publishing
Bounce Back!,Cheri J. Meiners,6-8,children_nonfiction,"children,educators",Self-Management,"resilience,growth-mindset",Free Spirit Publishing
Dream On!,Cheri J. Meiners,6-8,children_nonfiction,"children,educators",Self-Awareness,"confidence,growth-mindset",Free Spirit Publishing
Feel Confident!,Cheri J. Meiners,6-8,children_nonfiction,"children,educators",Self-Awareness,"confidence,self-esteem",Free Spirit Publishing
Forgive and Let Go!,Cheri J. Meiners,6-8,children_nonfiction,"children,educators",Social-Awareness,"forgiveness,anger,conflict",Free Spirit Publishing
Grow Strong!,Cheri J. Meiners,6-8,children_nonfiction,"children,educators",Self-Management,"resilience,self-esteem",Free Spirit Publishing
Have Courage!,Cheri J. Meiners,6-8,children_nonfiction,"children,educators",Self-Awareness,"courage,fear,confidence",Free Spirit Publishing
Stand Tall!,Cheri J. Meiners,6-8,children_nonfiction,"children,educators",Self-Awareness,"self-esteem,confidence,bullying",Free Spirit Publishing
Feeling Angry!,Kay Barnham,6-8,children_nonfiction,"children,educators",Self-Management,"anger,emotions,impulse-control",Free Spirit Publishing
Feeling Scared!,Kay Barnham,6-8,children_nonfiction,"children,educators",Self-Management,"fear,anxiety",Free Spirit Publishing
Feeling Jealous!,Kay Barnham,6-8,children_nonfiction,"children,educators",Self-Management,"jealousy,emotions",Free Spirit Publishing
Feeling Sad!,Kay Barnham,6-8,children_nonfiction,"children,educators",Self-Management,"sadness,emotions",Free Spirit Publishing
Feeling Shy!,Kay Barnham,6-8,children_nonfiction,"children,educators",Self-Management,"anxiety,social-skills",Free Spirit Publishing
Feeling Worried!,Kay Barnham,6-8,children_nonfiction,"children,educators",Self-Management,"anxiety,stress",Free Spirit Publishing
Get Unstuck from Disappointment,Gill Hasson,6-9,children_nonfiction,"children,educators",Self-Management,"disappointment,resilience,growth-mindset",Free Spirit Publishing
Say Hi When You're Shy,Gill Hasson,6-9,children_nonfiction,"children,educators",Self-Management,"anxiety,social-skills,confidence",Free Spirit Publishing
Take Charge of Anger,Gill Hasson,6-9,children_nonfiction,"children,educators",Self-Management,"anger,impulse-control",Free Spirit Publishing
Step Back from Frustration,Gill Hasson,6-9,children_nonfiction,"children,educators",Self-Management,"frustration,impulse-control,anger",Free Spirit Publishing
Turn Away from Teasing,Gill Hasson,6-9,children_nonfiction,"children,educators",Social-Awareness,"bullying,resilience,self-esteem",Free Spirit Publishing
Face Your Fears,Gill Hasson,6-9,children_nonfiction,"children,educators",Self-Management,"fear,anxiety,courage",Free Spirit Publishing
Let Go of Jealousy,Gill Hasson,6-9,children_nonfiction,"children,educators",Self-Management,"jealousy,emotions,conflict",Free Spirit Publishing
Put Your Worries Away,Gill Hasson,6-9,children_nonfiction,"children,educators",Self-Management,"anxiety,resilience",Free Spirit Publishing
Middle School Confidential 1: Be Confident in Who You Are,Annie Fox,9-12,children_fiction,"children,educators",Self-Awareness,"confidence,self-esteem,identity",Free Spirit Publishing
Middle School Confidential 2: Real Friends vs. the Other Kind,Annie Fox,9-12,children_fiction,"children,educators",Relationship-Skills,"friendship,social-skills,bullying",Free Spirit Publishing
Middle School Confidential 3: What's Up with My Family?,Annie Fox,9-12,children_fiction,"children,educators",Relationship-Skills,"conflict,communication,divorce",Free Spirit Publishing
Zach Makes Mistakes,William Mulcahy,6-8,children_fiction,"children,educators",Self-Management,"perfectionism,resilience,growth-mindset",Free Spirit Publishing
Zach Hangs In There,William Mulcahy,6-8,children_fiction,"children,educators",Self-Management,"resilience,growth-mindset",Free Spirit Publishing
Zach Stands Up,William Mulcahy,6-8,children_fiction,"children,educators",Social-Awareness,"bullying,confidence,courage",Free Spirit Publishing
Zach Apologizes,William Mulcahy,6-8,children_fiction,"children,educators",Responsible-Decision-Making,"responsibility,communication,conflict",Free Spirit Publishing
Jamie Is Jamie: A Book About Being Yourself and Playing Your Way,Afsaneh Moradian,6-8,children_fiction,"children,educators",Self-Awareness,"identity,self-acceptance,diversity",Free Spirit Publishing
Violet the Snowgirl: A Story of Loss and Healing,Lisa Walsh,6-8,children_fiction,"children,educators",Self-Management,"grief,loss,resilience",Free Spirit Publishing
Y Is for Yet: A Growth Mindset Alphabet,Shannon Anderson,6-9,children_nonfiction,"children,educators",Self-Management,"growth-mindset,resilience",Free Spirit Publishing
Mindset Power: A Kid's Guide to Growing Better Every Day,Shannon Anderson,8-12,children_nonfiction,"children,educators",Self-Management,"growth-mindset,resilience,confidence",Free Spirit Publishing
F Is for Feelings,Goldie Millar & Lisa A. Berger,6-8,children_nonfiction,"children,educators",Self-Awareness,"emotions,emotional-literacy",Free Spirit Publishing
Sometimes When I'm Sad,Deborah Serani,6-8,children_fiction,"children,educators",Self-Management,"sadness,emotions,resilience",Free Spirit Publishing
I'm Happy-Sad Today: Making Sense of Mixed-Together Feelings,Lory Britain,6-8,children_fiction,"children,educators",Self-Awareness,"emotions,emotional-literacy",Free Spirit Publishing
Just Because I Am: A Child's Book of Affirmation,Lauren Murphy Payne,6-8,children_nonfiction,"children,educators",Self-Awareness,"self-esteem,self-acceptance,confidence",Free Spirit Publishing
"I'm Like You, You're Like Me",Cindy Gainer,6-8,children_nonfiction,"children,educators",Social-Awareness,"diversity,inclusion,empathy",Free Spirit Publishing
What On Earth Do You Do When Someone Dies?,Trevor Romain,6-9,children_nonfiction,"children,educators",Self-Management,"grief,loss",Free Spirit Publishing
The Survival Guide for Kids with Behavior Challenges,Thomas McIntyre,8-12,children_nonfiction,"children,educators",Responsible-Decision-Making,"choices,impulse-control,responsibility",Free Spirit Publishing
My Body Belongs to Me: A Book About Body Safety,Jill Starishevsky,6-8,children_nonfiction,"children,educators",Responsible-Decision-Making,"body-safety,confidence",Free Spirit Publishing
Sometimes When I'm Worried,Deborah Serani,6-8,children_fiction,"children,educators",Self-Management,"anxiety,emotions",Free Spirit Publishing
Sometimes When I'm Bored,Deborah Serani,6-8,children_fiction,"children,educators",Self-Awareness,"emotions,mindfulness",Free Spirit Publishing
Sometimes When I'm Mad,Deborah Serani,6-8,children_fiction,"children,educators",Self-Management,"anger,impulse-control",Free Spirit Publishing
I Want to Win,Sue Graves,6-8,children_fiction,"children,educators",Self-Management,"impulse-control,cooperation,conflict",Free Spirit Publishing
Take a Deep Breath,Sue Graves,6-8,children_fiction,"children,educators",Self-Management,"anger,mindfulness,emotions",Free Spirit Publishing
But What If?,Sue Graves,6-8,children_fiction,"children,educators",Self-Management,"anxiety,fear",Free Spirit Publishing
I Don't Want to Wait,Sue Graves,6-8,children_fiction,"children,educators",Self-Management,"impulse-control,frustration",Free Spirit Publishing
Who Feels Scared?,Sue Graves,6-8,children_fiction,"children,educators",Self-Management,"fear,anxiety",Free Spirit Publishing
I Don't Want to Play Nicely,Sue Graves,6-8,children_fiction,"children,educators",Relationship-Skills,"social-skills,cooperation,conflict",Free Spirit Publishing
Why Should I?,Sue Graves,6-8,children_fiction,"children,educators",Responsible-Decision-Making,"responsibility,choices",Free Spirit Publishing
I'm Not Happy,Sue Graves,6-8,children_fiction,"children,educators",Self-Management,"sadness,emotions",Free Spirit Publishing
I Hate Everything!,Sue Graves,6-8,children_fiction,"children,educators",Self-Management,"anger,emotions,impulse-control",Free Spirit Publishing
But Why Can't I?,Sue Graves,6-8,children_fiction,"children,educators",Self-Management,"impulse-control,responsibility",Free Spirit Publishing
"Not Fair, Won't Share",Sue Graves,6-8,children_fiction,"children,educators",Relationship-Skills,"sharing,conflict,cooperation",Free Spirit Publishing
I Didn't Do It!,Sue Graves,6-8,children_fiction,"children,educators",Responsible-Decision-Making,"honesty,responsibility",Free Spirit Publishing
I Know Happy,Lindsay N. Giroux,6-8,children_nonfiction,"children,educators",Self-Awareness,"emotions,emotional-literacy",Free Spirit Publishing
I Know Mad,Lindsay N. Giroux,6-8,children_nonfiction,"children,educators",Self-Management,"anger,emotions,emotional-literacy",Free Spirit Publishing
I Know Sad,Lindsay N. Giroux,6-8,children_nonfiction,"children,educators",Self-Management,"sadness,emotions,emotional-literacy",Free Spirit Publishing
I Know Scared,Lindsay N. Giroux,6-8,children_nonfiction,"children,educators",Self-Management,"fear,anxiety,emotional-literacy",Free Spirit Publishing
I Know Silly,Lindsay N. Giroux,6-8,children_nonfiction,"children,educators",Self-Awareness,"emotions,emotional-literacy,self-acceptance",Free Spirit Publishing
I Know Curious,Lindsay N. Giroux,6-8,children_nonfiction,"children,educators",Self-Awareness,"emotions,emotional-literacy,growth-mindset",Free Spirit Publishing
Jamie and Bubbie: A Book About People's Pronouns,Afsaneh Moradian,6-9,children_fiction,"children,educators",Self-Awareness,"identity,inclusion,diversity",Free Spirit Publishing
The Survival Guide for Gifted Kids,Judy Galbraith,8-12,children_nonfiction,"children,educators",Self-Awareness,"self-esteem,peer-pressure,resilience",Free Spirit Publishing
The Survival Guide for Making and Being Friends,James J. Crist,8-12,children_nonfiction,"children,educators",Relationship-Skills,"friendship,social-skills,communication",Free Spirit Publishing
Survival Guide for Kids with Autism Spectrum Disorders,Elizabeth Verdick & Elizabeth Reeve,8-12,children_nonfiction,"children,educators",Relationship-Skills,"social-skills,school-anxiety,resilience",Free Spirit Publishing
The Survival Guide for Kids with Physical Disabilities and Challenges,Wendy L. Moss & Susan A. Taddonio,8-12,children_nonfiction,"children,educators",Self-Management,"resilience,self-esteem,identity",Free Spirit Publishing
The Survival Guide for Kids in Special Education (And Their Parents),Wendy L. Moss & Denise M. Campbell,8-12,children_nonfiction,"children,educators",Self-Management,"resilience,school-anxiety,self-esteem",Free Spirit Publishing
The Survival Guide for Money Smarts,Eric Braun & Sandy Donovan,8-12,children_nonfiction,"children,educators",Responsible-Decision-Making,"responsibility,choices",Free Spirit Publishing
Sleep Easy: A Mindfulness Guide to Getting a Good Night's Sleep,Paul Christelis,6-10,children_nonfiction,"children,educators",Self-Management,"anxiety,mindfulness,stress",Free Spirit Publishing
More Than What Eyes See: A Book About Blindness,Miso Kwak,6-9,children_fiction,"children,educators",Self-Awareness,"identity,self-acceptance,inclusion",Free Spirit Publishing
"Uncommonly Curious, Eternally Autistic: A Book About Autism",Rasha Hamid,6-9,children_fiction,"children,educators",Self-Awareness,"identity,self-acceptance,social-skills",Free Spirit Publishing
My Life as an Asthmanaut: A Book About Asthma,Jake Lockett,6-9,children_fiction,"children,educators",Self-Management,"resilience,self-acceptance,identity",Free Spirit Publishing
I Spark Like Lightning: A Book About Epilepsy,Jenna Elyse Johnson,6-9,children_fiction,"children,educators",Self-Management,"resilience,self-acceptance,courage",Free Spirit Publishing
"Dear Dad: Love, Nelson",Margarett McBride,6-9,children_fiction,"children,educators",Self-Management,"grief,loss,resilience",Free Spirit Publishing
Sometimes Stormy,Amanda Davis,6-8,children_fiction,"children,educators",Self-Awareness,"emotions,resilience,emotional-literacy",Free Spirit Publishing
"Hello, Beech Tree!",Rasha Hamid,6-8,children_fiction,"children,educators",Self-Management,"mindfulness,gratitude,empathy",Free Spirit Publishing
The Best Good Thing,Anna Housley Juster,6-8,children_fiction,"children,educators",Self-Management,"grief,loss,resilience",Free Spirit Publishing
Santiago and Great Bear,Lisa Johnston Hancock,6-8,children_fiction,"children,educators",Self-Management,"resilience,courage,self-acceptance",Free Spirit Publishing
Worries Are Not Forever,Elizabeth Verdick,6-8,children_fiction,"children,educators",Self-Management,"anxiety,resilience,emotions",Free Spirit Publishing
What Does Grief Feel Like?,Korie Leigh,6-9,children_fiction,"children,educators",Self-Management,"grief,loss,emotions",Free Spirit Publishing
"Papa and Pearl: A Tale About Divorce, New Beginnings, and Love",Annette M. Clayton,6-8,children_fiction,"children,educators",Relationship-Skills,"divorce,conflict,resilience",Free Spirit Publishing
Name and Tame Your Anxiety: A Kid's Guide,Summer Batte,8-12,children_nonfiction,"children,educators",Self-Management,"anxiety,stress,resilience",Free Spirit Publishing
The Survival Guide for Kids with ADHD,John F. Taylor,9-12,children_nonfiction,"children,educators",Self-Management,"adhd,organization,impulse-control",Free Spirit Publishing
Stick Up for Yourself! Every Kid's Guide to Personal Power and Positive Self-Esteem,Gershen Kaufman & Lev Raphael,8-12,children_nonfiction,"children,educators",Self-Awareness,"self-esteem,confidence,assertiveness",Free Spirit Publishing
"Real Kids, Real Stories, Real Change: Courageous Actions Around the World",Garth Sundem,9-12,children_nonfiction,"children,educators",Self-Awareness,"courage,resilience,leadership",Free Spirit Publishing
"Real Kids, Real Stories, Real Character: Choices That Matter Around the World",Garth Sundem,9-12,children_nonfiction,"children,educators",Responsible-Decision-Making,"integrity,choices,responsibility",Free Spirit Publishing
"Real Kids, Real Stories, Real Challenges: Overcoming Adversity Around the World",Garth Sundem,9-12,children_nonfiction,"children,educators",Self-Management,"resilience,growth-mindset,courage",Free Spirit Publishing
Angry Ninja,Mary Nhin,6-10,children_fiction,children,Self-Management,"anger,impulse-control",Ninja Life Hacks
Positive Ninja,Mary Nhin,6-10,children_fiction,children,Self-Awareness,"optimism,growth-mindset",Ninja Life Hacks
Lazy Ninja,Mary Nhin,6-10,children_fiction,children,Responsible-Decision-Making,"responsibility,growth-mindset",Ninja Life Hacks
Helpful Ninja,Mary Nhin,6-10,children_fiction,children,Social-Awareness,"kindness,cooperation",Ninja Life Hacks
Earth Ninja,Mary Nhin,6-10,children_fiction,children,Responsible-Decision-Making,"responsibility,choices",Ninja Life Hacks
Grumpy Ninja,Mary Nhin,6-10,children_fiction,children,Social-Awareness,"gratitude,perspective-taking",Ninja Life Hacks
Kind Ninja,Mary Nhin,6-10,children_fiction,children,Social-Awareness,"kindness,empathy",Ninja Life Hacks
Perfect Ninja,Mary Nhin,6-10,children_fiction,children,Self-Management,"perfectionism,growth-mindset",Ninja Life Hacks
Money Ninja,Mary Nhin,6-10,children_fiction,children,Responsible-Decision-Making,"responsibility,choices",Ninja Life Hacks
Anxious Ninja,Mary Nhin,6-10,children_fiction,children,Self-Management,"anxiety,fear",Ninja Life Hacks
Gritty Ninja,Mary Nhin,6-10,children_fiction,children,Self-Management,"resilience,frustration",Ninja Life Hacks
Dishonest Ninja,Mary Nhin,6-10,children_fiction,children,Responsible-Decision-Making,"honesty,integrity",Ninja Life Hacks
Shy Ninja,Mary Nhin,6-10,children_fiction,children,Relationship-Skills,"social-skills,anxiety,confidence",Ninja Life Hacks
Unplugged Ninja,Mary Nhin,6-10,children_fiction,children,Responsible-Decision-Making,"technology,impulse-control",Ninja Life Hacks
Diversity Ninja,Mary Nhin,6-10,children_fiction,children,Social-Awareness,"diversity,inclusion",Ninja Life Hacks
Inclusive Ninja,Mary Nhin,6-10,children_fiction,children,Social-Awareness,"inclusion,bullying,empathy",Ninja Life Hacks
Grateful Ninja,Mary Nhin,6-10,children_fiction,children,Social-Awareness,"gratitude,manners",Ninja Life Hacks
Hangry Ninja,Mary Nhin,6-10,children_fiction,children,Self-Management,"impulse-control,emotions",Ninja Life Hacks
Focused Ninja,Mary Nhin,6-10,children_fiction,children,Self-Management,"organization,mindfulness,adhd",Ninja Life Hacks
Calm Ninja,Mary Nhin,6-10,children_fiction,children,Self-Management,"anxiety,mindfulness",Ninja Life Hacks
Brave Ninja,Mary Nhin,6-10,children_fiction,children,Self-Awareness,"courage,confidence",Ninja Life Hacks
Compassionate Ninja,Mary Nhin,6-10,children_fiction,children,Social-Awareness,"empathy,kindness",Ninja Life Hacks
Confident Ninja,Mary Nhin,6-10,children_fiction,children,Self-Awareness,"self-esteem,confidence",Ninja Life Hacks
Patient Ninja,Mary Nhin,6-10,children_fiction,children,Self-Management,"impulse-control,frustration",Ninja Life Hacks
Organized Ninja,Mary Nhin,6-10,children_fiction,children,Self-Management,organization,Ninja Life Hacks
Communication Ninja,Mary Nhin,6-10,children_fiction,children,Relationship-Skills,"communication,social-skills",Ninja Life Hacks
Stressed Ninja,Mary Nhin,6-10,children_fiction,children,Self-Management,"stress,anxiety",Ninja Life Hacks
Smart Ninja,Mary Nhin,6-10,children_fiction,children,Self-Management,growth-mindset,Ninja Life Hacks
Hopeful Ninja,Mary Nhin,6-10,children_fiction,children,Self-Awareness,"optimism,resilience",Ninja Life Hacks
Worry Ninja,Mary Nhin,6-10,children_fiction,children,Self-Management,"anxiety,stress",Ninja Life Hacks
Emotionally Intelligent Ninja,Mary Nhin,6-10,children_fiction,children,Self-Awareness,"emotions,emotional-literacy",Ninja Life Hacks
Growth Mindset Ninja,Mary Nhin,6-10,children_fiction,children,Self-Management,growth-mindset,Ninja Life Hacks
Zen Ninja,Mary Nhin,6-10,children_fiction,children,Self-Management,mindfulness,Ninja Life Hacks
Hard-Working Ninja,Mary Nhin,6-10,children_fiction,children,Responsible-Decision-Making,"responsibility,resilience",Ninja Life Hacks
Humble Ninja,Mary Nhin,6-10,children_fiction,children,Self-Awareness,"self-acceptance,gratitude",Ninja Life Hacks
Sharing Ninja,Mary Nhin,6-10,children_fiction,children,Relationship-Skills,"sharing,cooperation",Ninja Life Hacks
Sad Ninja,Mary Nhin,6-10,children_fiction,children,Self-Management,"sadness,grief,loss",Ninja Life Hacks
Listening Ninja,Mary Nhin,6-10,children_fiction,children,Relationship-Skills,"communication,social-skills",Ninja Life Hacks
Lonely Ninja,Mary Nhin,6-10,children_fiction,children,Relationship-Skills,"friendship,social-skills",Ninja Life Hacks
Self-Disciplined Ninja,Mary Nhin,6-10,children_fiction,children,Self-Management,"impulse-control,responsibility",Ninja Life Hacks
Caring Ninja,Mary Nhin,6-10,children_fiction,children,Social-Awareness,"empathy,kindness",Ninja Life Hacks
Curious Ninja,Mary Nhin,6-10,children_fiction,children,Self-Management,"growth-mindset,resilience",Ninja Life Hacks
Nervous Ninja,Mary Nhin,6-10,children_fiction,children,Self-Management,"anxiety,fear",Ninja Life Hacks
Problem-Solving Ninja,Mary Nhin,6-10,children_fiction,children,Responsible-Decision-Making,"choices,resilience",Ninja Life Hacks
Motivated Ninja,Mary Nhin,6-10,children_fiction,children,Responsible-Decision-Making,"responsibility,growth-mindset",Ninja Life Hacks
Jealous Ninja,Mary Nhin,6-10,children_fiction,children,Self-Management,"jealousy,emotions",Ninja Life Hacks
Impulsive Ninja,Mary Nhin,6-10,children_fiction,children,Self-Management,impulse-control,Ninja Life Hacks
Integrity Ninja,Mary Nhin,6-10,children_fiction,children,Responsible-Decision-Making,"integrity,honesty",Ninja Life Hacks
Frustrated Ninja,Mary Nhin,6-10,children_fiction,children,Self-Management,"frustration,anger",Ninja Life Hacks
Disappointed Ninja,Mary Nhin,6-10,children_fiction,children,Self-Management,disappointment,Ninja Life Hacks
Feelings Ninja,Mary Nhin,6-10,children_fiction,children,Self-Awareness,"emotions,emotional-literacy",Ninja Life Hacks
Supportive Ninja,Mary Nhin,6-10,children_fiction,children,Social-Awareness,"empathy,kindness",Ninja Life Hacks
Respectful Ninja,Mary Nhin,6-10,children_fiction,children,Relationship-Skills,"manners,cooperation",Ninja Life Hacks
Nick and the Brick Builder Challenge,Jen Malia,6-10,children_fiction,children,Relationship-Skills,"cooperation,social-skills",Beaming Books
Violet and the Jurassic Land Exhibit,Jen Malia,6-10,children_fiction,children,Self-Management,"anxiety,resilience",Beaming Books
Remembering Sundays with Grandpa,Lauren H. Kerstein,6-8,children_fiction,children,Self-Management,"grief,loss",Beaming Books
Kaia's Big Felines,Aura Lewis,6-8,children_fiction,children,Self-Awareness,"emotions,emotional-literacy",Beaming Books
Kiki Kicks,Jane Yolen & Ariel Stemple,6-8,children_fiction,children,Social-Awareness,"bullying,self-esteem,confidence",Beaming Books
Be Your Own Bird,Russ Willms,6-8,children_fiction,children,Self-Management,"mindfulness,self-acceptance,confidence",Beaming Books
Superheroes Don't Babysit,Amber Hendricks,6-8,children_fiction,children,Relationship-Skills,"siblings,conflict",Beaming Books
Big Bear Was Not the Same,Joanna Rowland,6-8,children_fiction,children,Self-Management,"anxiety,fear,resilience",Beaming Books
Simon the Hugger,Stacy B. Davids,6-8,children_fiction,children,Responsible-Decision-Making,"body-safety,social-skills",Beaming Books
Little Mole Goes to School,Glenys Nellist,6-8,children_fiction,children,Self-Awareness,"self-esteem,school-anxiety",Beaming Books
Little Mole Finds Hope,Glenys Nellist,6-8,children_fiction,children,Self-Management,"resilience,optimism",Beaming Books
Penguins Don't Wear Pink,Jeffrey Turner,6-8,children_fiction,children,Responsible-Decision-Making,"peer-pressure,self-acceptance,identity",Beaming Books
Ish,Peter H. Reynolds,6-9,children_fiction,children,Self-Management,"perfectionism,self-acceptance,growth-mindset",Candlewick
Beautiful Oops!,Barney Saltzberg,6-8,children_fiction,children,Self-Management,"perfectionism,growth-mindset,resilience",Workman Publishing
Last Stop on Market Street,Matt de la Peña,6-8,children_fiction,children,Social-Awareness,"empathy,gratitude,perspective-taking",Putnam
Each Kindness,Jacqueline Woodson,6-9,children_fiction,children,Social-Awareness,"kindness,empathy,forgiveness",Nancy Paulsen Books
The Recess Queen,Alexis O'Neill,6-9,children_fiction,children,Social-Awareness,"bullying,friendship,kindness",Scholastic
Front Desk,Kelly Yang,8-12,children_fiction,children,Self-Management,"resilience,identity,courage",Scholastic
Because of Winn-Dixie,Kate DiCamillo,8-12,children_fiction,children,Relationship-Skills,"friendship,grief,loss,resilience",Candlewick
The One and Only Ivan,Katherine Applegate,8-12,children_fiction,children,Social-Awareness,"empathy,resilience,courage",HarperCollins
Harriet the Spy,Louise Fitzhugh,8-12,children_fiction,children,Relationship-Skills,"social-skills,honesty,friendship",Delacorte Press
Charlotte's Web,E.B. White,8-12,children_fiction,children,Relationship-Skills,"friendship,grief,loss,empathy",HarperCollins
Roller Girl,Victoria Jamieson,8-12,children_fiction,children,Relationship-Skills,"friendship,confidence,resilience,conflict",Dial Books
El Deafo,Cece Bell,8-12,children_fiction,children,Self-Awareness,"self-acceptance,friendship,identity,resilience",Amulet Books
Smile,Raina Telgemeier,8-12,children_fiction,children,Self-Awareness,"self-esteem,friendship,resilience,school-anxiety",Scholastic
Sisters,Raina Telgemeier,8-12,children_fiction,children,Relationship-Skills,"siblings,conflict,family,resilience",Scholastic
Drama,Raina Telgemeier,8-12,children_fiction,children,Relationship-Skills,"friendship,identity,cooperation,conflict",Scholastic
Hilo: The Boy Who Crashed to Earth,Judd Winick,6-10,children_fiction,children,Relationship-Skills,"friendship,identity,courage",Random House
Squish: Super Amoeba,Jennifer L. Holm,6-10,children_fiction,children,Social-Awareness,"bullying,friendship,resilience",Random House
How to Talk So Kids Will Listen & Listen So Kids Will Talk,Adele Faber & Elaine Mazlish,parents,parenting,parents,Relationship-Skills,"communication,emotions,conflict",Expert
The Whole-Brain Child,Daniel J. Siegel & Tina Payne Bryson,parents,parenting,parents,Self-Management,"anger,anxiety,emotions,resilience",Expert
The Explosive Child,Ross W. Greene,parents,parenting,parents,Self-Management,"anger,impulse-control,conflict",Expert
Raising an Emotionally Intelligent Child,John M. Gottman,parents,parenting,parents,Self-Awareness,"emotions,emotional-literacy",Expert
Playful Parenting,Lawrence J. Cohen,parents,parenting,parents,Self-Awareness,"confidence,friendship,social-skills",Expert
"Confident Parents, Confident Kids",Jennifer Miller,parents,parenting,parents,Self-Awareness,"emotions,self-esteem,resilience",Expert
No-Drama Discipline,Daniel J. Siegel & Tina Payne Bryson,parents,parenting,parents,Self-Management,"anger,impulse-control,emotions",Expert
The Anxious Child,Michael S. Brody,parents,parenting,parents,Self-Management,"anxiety,fear",Expert
Freeing Your Child from Anxiety,Tamar Chansky,parents,parenting,parents,Self-Management,"anxiety,fear",Expert
